grappe,vague,s00q00,s00q01,s00q02,s00q03,s00q04,resultat,Langue_1,Langue_2,Langue_3,Langue_4,Langue_5,Langue_6,Langue_7,Langue_8,Langue_9,Langue_10,Langue_11,Langue_12,Langue_13,Langue_14
586,2,Burkina Faso,Boucle du Mouhoum,Kossi,33,2,Complet,Non,Non,Non,Non,Non,Non,Non,Non,Non,Oui,Non,Non,Non,Non
587,2,Burkina Faso,Boucle du Mouhoum,Bale,49,2,Complet,Non,Oui,Non,Non,Non,Non,Non,Non,Non,Non,Non,Non,Non,Non
588,1,Burkina Faso,Boucle du Mouhoum,Kossi,37,2,Complet,Non,Oui,Non,Non,Non,Non,Non,Non,Non,Non,Non,Non,Non,Non
589,2,Burkina Faso,Boucle du Mouhoum,Bale,55,2,Complet,Oui,Non,Non,Non,Non,Non,Non,Non,Non,Non,Non,Non,Non,Non
590,2,Burkina Faso,Boucle du Mouhoum,Kossi,37,1,Complet,Non,Non,Non,Non,Non,Non,Non,Non,Non,Oui,Non,Non,Non,Non
591,2,Burkina Faso,Boucle du Mouhoum,Kossi,37,1,Complet,Non,Oui,Non,Non,Non,Non,Non,Non,Non,Non,Non,Non,Non,Non
592,2,Burkina Faso,Boucle du Mouhoum,Kossi,37,1,Complet,Non,Oui,Non,Non,Non,Non,Non,Non,Non,Non,Non,Non,Non,Non
593,1,Burkina Faso,Boucle du Mouhoum,Mouhoun,38,2,Complet,Non,Non,Non,Non,Non,Non,Non,Non,Non,Oui,Non,Non,Non,Non
594,1,Burkina Faso,Boucle du Mouhoum,Mouhoun,39,2,Complet,Non,Oui,Non,Non,Non,Non,Non,Non,Non,Non,Non,Non,Non,Non
595,1,Burkina Faso,Boucle du Mouhoum,Mouhoun,39,1,Complet,Non,Oui,Non,Non,Non,Non,Non,Non,Non,Non,Non,Non,Non,Non
596,2,Burkina Faso,Boucle du Mouhoum,Mouhoun,39,1,Complet,Non,Oui,Non,Non,Non,Non,Non,Non,Non,Non,Non,Non,Non,Non
597,1,Burkina Faso,Boucle du Mouhoum,Mouhoun,39,1,Complet,Non,Oui,Non,Non,Non,Non,Non,Non,Non,Non,Non,Non,Non,Non
598,1,Burkina Faso,Boucle du Mouhoum,Mouhoun,39,1,Complet,Non,Oui,Non,Non,Non,Non,Non,Non,Non,Non,Non,Non,Non,Non
599,2,Burkina Faso,Boucle du Mouhoum,Mouhoun,39,1,Complet,Non,Oui,Non,Non,Non,Non,Non,Non,Non,Non,Non,Non,Non,Non
600,2,Burkina Faso,Boucle du Mouhoum,Mouhoun,39,1,Complet,Non,Oui,Non,Non,Non,Non,Non,Non,Non,Non,Non,Non,Non,Non
601,1,Burkina Faso,Boucle du Mouhoum,Mouhoun,39,1,Complet,Non,Oui,Non,Non,Non,Non,Non,Non,Non,Non,Non,Non,Non,Non
602,2,Burkina Faso,Boucle du Mouhoum,Mouhoun,41,2,Complet,Non,Oui,Non,Non,Non,Non,Non,Non,Non,Non,Non,Non,Non,Non
603,1,Burkina Faso,Boucle du Mouhoum,Mouhoun,42,2,Complet,Non,Oui,Non,Non,Non,Non,Non,Non,Non,Non,Non,Non,Non,Non
604,2,Burkina Faso,Boucle du Mouhoum,Mouhoun,43,2,Complet,Non,Non,Oui,Non,Non,Non,Non,Non,Non,Non,Non,Non,Non,Non
605,1,Burkina Faso,Boucle du Mouhoum,Mouhoun,44,2,Complet,Non,Oui,Non,Non,Non,Non,Non,Non,Non,Non,Non,Non,Non,Non
606,2,Burkina Faso,Boucle du Mouhoum,Sourou,46,2,Complet,Oui,Non,Non,Non,Non,Non,Non,Non,Non,Non,Non,Non,Non,Non
610,2,Burkina Faso,Boucle du Mouhoum,Bale,49,2,Complet,Non,Oui,Non,Non,Non,Non,Non,Non,Non,Oui,Non,Non,Non,Non
611,2,Burkina Faso,Boucle du Mouhoum,Bale,50,2,Complet,Non,Oui,Non,Non,Non,Non,Non,Non,Non,Non,Non,Non,Non,Non
612,1,Burkina Faso,Boucle du Mouhoum,Bale,51,1,Complet,Non,Oui,Non,Non,Non,Non,Non,Non,Non,Non,Non,Non,Non,Non
613,2,Burkina Faso,Boucle du Mouhoum,Bale,51,1,Complet,Non,Non,Non,Non,Non,Non,Non,Non,Non,Oui,Non,Non,Non,Non
614,2,Burkina Faso,Boucle du Mouhoum,Bale,52,2,Complet,Non,Oui,Non,Non,Non,Non,Non,Non,Non,Non,Non,Non,Non,Non
615,1,Burkina Faso,Boucle du Mouhoum,Bale,53,2,Partiel,Non,Oui,Non,Non,Non,Non,Non,Non,Non,Oui,Non,Non,Non,Non
616,2,Burkina Faso,Boucle du Mouhoum,Bale,54,2,Complet,Oui,Oui,Non,Non,Non,Non,Non,Non,Non,Non,Non,Non,Non,Non
617,1,Burkina Faso,Boucle du Mouhoum,Bale,56,2,Complet,Non,Non,Non,Non,Non,Non,Non,Non,Non,Oui,Non,Non,Non,Non
618,1,Burkina Faso,Boucle du Mouhoum,Banwa,58,2,Complet,Non,Oui,Non,Non,Non,Non,Non,Non,Non,Non,Non,Non,Non,Non
619,1,Burkina Faso,Boucle du Mouhoum,Banwa,58,2,Complet,Non,Oui,Non,Non,Non,Non,Non,Non,Non,Non,Non,Non,Non,Non
621,2,Burkina Faso,Boucle du Mouhoum,Banwa,60,1,Complet,Non,Oui,Non,Non,Non,Non,Non,Non,Non,Non,Non,Non,Non,Non
622,1,Burkina Faso,Boucle du Mouhoum,Banwa,60,1,Complet,Non,Oui,Non,Non,Non,Non,Non,Non,Non,Non,Non,Non,Non,Non
623,1,Burkina Faso,Boucle du Mouhoum,Banwa,60,1,Complet,Non,Oui,Non,Non,Non,Non,Non,Non,Non,Non,Non,Non,Non,Non
624,2,Burkina Faso,Boucle du Mouhoum,Banwa,60,2,Complet,Oui,Non,Non,Non,Non,Non,Non,Non,Non,Non,Non,Non,Non,Non
626,1,Burkina Faso,Boucle du Mouhoum,Nayala,62,2,Complet,Non,Oui,Non,Non,Non,Non,Non,Non,Non,Non,Non,Non,Non,Non
627,1,Burkina Faso,Boucle du Mouhoum,Nayala,63,2,Complet,Non,Non,Non,Non,Non,Non,Non,Non,Non,Oui,Non,Non,Non,Oui
628,1,Burkina Faso,Boucle du Mouhoum,Nayala,63,1,Complet,Non,Oui,Non,Non,Non,Non,Non,Non,Non,Oui,Non,Non,Non,Non
629,1,Burkina Faso,Boucle du Mouhoum,Nayala,64,2,Complet,Non,Oui,Non,Non,Non,Non,Non,Non,Non,Non,Non,Non,Non,Non
630,2,Burkina Faso,Boucle du Mouhoum,Nayala,65,2,Complet,Non,Oui,Non,Non,Non,Non,Non,Non,Non,Non,Non,Non,Non,Non
631,1,Burkina Faso,Cascades,Comoe,257,1,Complet,Non,Oui,Non,Non,Non,Non,Non,Non,Non,Non,Non,Non,Non,Non
632,2,Burkina Faso,Cascades,Comoe,257,1,Complet,Non,Oui,Non,Non,Non,Non,Non,Non,Non,Non,Non,Non,Non,Non
633,1,Burkina Faso,Cascades,Comoe,257,1,Complet,Non,Oui,Non,Non,Non,Non,Non,Non,Non,Non,Non,Non,Non,Non
634,2,Burkina Faso,Cascades,Comoe,257,1,Complet,Non,Non,Non,Non,Non,Non,Non,Non,Non,Oui,Non,Non,Non,Non
635,2,Burkina Faso,Cascades,Comoe,257,1,Complet,Non,Non,Non,Non,Non,Non,Non,Non,Non,Oui,Non,Non,Non,Non
636,2,Burkina Faso,Cascades,Comoe,257,1,Complet,Non,Oui,Non,Non,Non,Non,Non,Non,Non,Non,Non,Non,Non,Non
638,1,Burkina Faso,Cascades,Comoe,257,1,Complet,Non,Oui,Non,Non,Non,Non,Non,Non,Non,Non,Non,Non,Non,Non
639,2,Burkina Faso,Cascades,Comoe,257,1,Complet,Non,Non,Non,Non,Non,Non,Non,Non,Non,Oui,Non,Non,Non,Non
640,2,Burkina Faso,Cascades,Comoe,257,1,Complet,Non,Non,Non,Non,Non,Non,Non,Non,Non,Oui,Non,Non,Non,Non
641,1,Burkina Faso,Cascades,Comoe,257,1,Complet,Non,Oui,Non,Non,Non,Non,Non,Non,Non,Non,Non,Non,Non,Non
642,2,Burkina Faso,Cascades,Comoe,257,1,Complet,Non,Oui,Non,Non,Non,Non,Non,Non,Non,Non,Non,Non,Non,Non
643,2,Burkina Faso,Cascades,Comoe,257,1,Complet,Non,Oui,Non,Non,Non,Non,Non,Non,Non,Non,Non,Non,Non,Non
644,1,Burkina Faso,Cascades,Comoe,258,2,Complet,Non,Oui,Non,Non,Non,Non,Non,Non,Non,Non,Non,Non,Non,Non
648,1,Burkina Faso,Cascades,Comoe,260,2,Complet,Non,Oui,Non,Non,Non,Non,Non,Non,Non,Non,Non,Non,Non,Non
649,2,Burkina Faso,Cascades,Comoe,261,2,Complet,Non,Oui,Non,Non,Non,Non,Non,Non,Non,Oui,Non,Non,Non,Non
650,2,Burkina Faso,Cascades,Comoe,261,2,Complet,Non,Oui,Non,Non,Non,Non,Non,Non,Non,Oui,Non,Non,Non,Non
650,2,Burkina Faso,Cascades,Comoe,261,2,Complet,Non,Oui,Non,Non,Non,Non,Non,Non,Non,Oui,Non,Non,Non,Non
651,1,Burkina Faso,Cascades,Comoe,261,1,Complet,Oui,Oui,Non,Non,Non,Non,Non,Non,Non,Non,Non,Non,Non,Non
652,2,Burkina Faso,Cascades,Comoe,261,1,Complet,Non,Oui,Non,Non,Non,Non,Non,Non,Non,Non,Non,Non,Non,Non
653,1,Burkina Faso,Cascades,Comoe,261,1,Complet,Non,Non,Non,Non,Non,Non,Non,Non,Non,Oui,Non,Non,Non,Non
654,1,Burkina Faso,Cascades,Comoe,262,2,Complet,Oui,Non,Non,Non,Non,Non,Non,Non,Non,Non,Non,Non,Non,Non
656,1,Burkina Faso,Cascades,Comoe,263,2,Complet,Non,Oui,Non,Non,Non,Non,Non,Non,Non,Oui,Non,Non,Non,Non
657,1,Burkina Faso,Cascades,Comoe,263,2,Complet,Non,Oui,Non,Non,Non,Non,Non,Non,Non,Non,Non,Non,Non,Non
658,1,Burkina Faso,Cascades,Comoe,263,2,Complet,Oui,Non,Non,Non,Non,Non,Non,Non,Non,Non,Non,Non,Non,Non
659,1,Burkina Faso,Cascades,Comoe,263,2,Complet,Non,Oui,Non,Non,Non,Non,Non,Non,Non,Non,Non,Non,Non,Non
660,1,Burkina Faso,Cascades,Comoe,263,2,Complet,Oui,Oui,Non,Non,Non,Non,Non,Non,Non,Non,Non,Non,Non,Non
662,2,Burkina Faso,Cascades,Comoe,264,2,Complet,Non,Oui,Non,Non,Non,Non,Non,Non,Non,Non,Non,Non,Non,Non
663,2,Burkina Faso,Cascades,Comoe,264,2,Complet,Non,Oui,Non,Non,Non,Non,Non,Non,Non,Non,Non,Non,Non,Non
664,2,Burkina Faso,Cascades,Comoe,257,2,Complet,Non,Oui,Non,Non,Non,Non,Non,Non,Non,Non,Non,Non,Non,Non
665,1,Burkina Faso,Cascades,Comoe,265,2,Complet,Non,Oui,Non,Non,Non,Non,Non,Non,Non,Non,Non,Non,Non,Non
665,1,Burkina Faso,Cascades,Comoe,265,2,Complet,Non,Oui,Non,Non,Non,Non,Non,Non,Non,Non,Non,Non,Non,Non
666,2,Burkina Faso,Cascades,Comoe,257,2,Complet,Non,Oui,Non,Non,Non,Non,Non,Non,Non,Non,Non,Non,Non,Non
667,2,Burkina Faso,Cascades,Leraba,266,2,Complet,Non,Oui,Non,Non,Non,Non,Non,Non,Non,Non,Non,Non,Non,Non
668,2,Burkina Faso,Cascades,Leraba,267,2,Complet,Non,Oui,Non,Non,Non,Non,Non,Non,Non,Non,Non,Non,Non,Non
669,1,Burkina Faso,Cascades,Leraba,268,2,Complet,Non,Oui,Non,Non,Non,Non,Non,Non,Non,Non,Non,Non,Non,Non
670,2,Burkina Faso,Cascades,Leraba,268,2,Complet,Non,Oui,Non,Non,Non,Non,Non,Non,Non,Non,Non,Non,Non,Non
671,2,Burkina Faso,Cascades,Leraba,269,2,Complet,Non,Oui,Non,Non,Non,Non,Non,Non,Non,Non,Non,Non,Non,Non
672,2,Burkina Faso,Cascades,Leraba,269,2,Complet,Non,Oui,Non,Non,Non,Non,Non,Non,Non,Non,Non,Non,Non,Non
673,2,Burkina Faso,Cascades,Leraba,270,2,Complet,Non,Non,Non,Non,Non,Oui,Non,Non,Non,Non,Non,Non,Non,Non
674,1,Burkina Faso,Cascades,Leraba,271,2,Complet,Non,Oui,Non,Non,Non,Non,Non,Non,Non,Non,Non,Non,Non,Non
675,1,Burkina Faso,Cascades,Leraba,271,1,Complet,Non,Oui,Non,Non,Non,Non,Non,Non,Non,Non,Non,Non,Non,Non
677,2,Burkina Faso,Centre,Kadiogo,309,1,Complet,Oui,Non,Non,Non,Non,Non,Non,Non,Non,Oui,Non,Non,Non,Non
679,1,Burkina Faso,Centre,Kadiogo,310,1,Complet,Oui,Non,Non,Non,Non,Non,Non,Non,Non,Non,Non,Non,Non,Non
680,1,Burkina Faso,Centre,Kadiogo,310,1,Complet,Oui,Non,Non,Non,Non,Non,Non,Non,Non,Non,Non,Non,Non,Non
681,1,Burkina Faso,Centre,Kadiogo,304,1,Complet,Non,Non,Non,Non,Non,Non,Non,Non,Non,Oui,Non,Non,Non,Non
682,2,Burkina Faso,Centre,Kadiogo,303,1,Complet,Oui,Non,Non,Non,Non,Non,Non,Non,Non,Non,Non,Non,Non,Non
683,1,Burkina Faso,Centre,Kadiogo,311,1,Complet,Non,Non,Non,Non,Non,Non,Non,Non,Non,Oui,Non,Non,Non,Non
684,1,Burkina Faso,Centre,Kadiogo,312,1,Complet,Non,Non,Non,Non,Non,Non,Non,Non,Non,Oui,Non,Non,Non,Non
685,1,Burkina Faso,Centre,Kadiogo,312,1,Complet,Non,Non,Non,Non,Non,Non,Non,Non,Non,Oui,Non,Non,Non,Non
686,1,Burkina Faso,Centre,Kadiogo,313,1,Complet,Oui,Non,Non,Non,Non,Non,Non,Non,Non,Oui,Non,Non,Non,Non
687,1,Burkina Faso,Centre,Kadiogo,313,1,Complet,Non,Non,Non,Non,Non,Non,Non,Non,Non,Oui,Non,Non,Non,Non
688,1,Burkina Faso,Centre,Kadiogo,314,1,Complet,Oui,Non,Non,Non,Non,Non,Non,Non,Non,Oui,Non,Non,Non,Non
690,2,Burkina Faso,Centre,Kadiogo,314,1,Complet,Oui,Non,Non,Non,Non,Non,Non,Non,Non,Non,Non,Non,Non,Non
691,1,Burkina Faso,Centre,Kadiogo,314,1,Complet,Oui,Non,Non,Non,Non,Non,Non,Non,Non,Oui,Non,Non,Non,Non
692,1,Burkina Faso,Centre,Kadiogo,315,1,Complet,Oui,Non,Non,Non,Non,Non,Non,Non,Non,Oui,Non,Non,Non,Non
693,1,Burkina Faso,Centre,Kadiogo,315,1,Complet,Oui,Non,Non,Non,Non,Non,Non,Non,Non,Oui,Non,Non,Non,Non
694,2,Burkina Faso,Centre,Kadiogo,316,1,Complet,Non,Oui,Non,Non,Non,Non,Non,Oui,Oui,Non,Non,Oui,Oui,Oui
695,2,Burkina Faso,Centre,Kadiogo,316,1,Complet,Non,Oui,Non,Non,Non,Non,Non,Oui,Oui,Non,Non,Oui,Oui,Oui
696,1,Burkina Faso,Centre,Kadiogo,316,1,Complet,Non,Non,Non,Non,Non,Non,Non,Non,Non,Oui,Non,Non,Non,Non
697,2,Burkina Faso,Centre,Kadiogo,316,1,Complet,Non,Non,Non,Non,Non,Non,Non,Non,Non,Oui,Non,Non,Non,Non
698,2,Burkina Faso,Centre,Kadiogo,317,1,Complet,Non,Non,Non,Non,Non,Non,Non,Non,Non,Oui,Non,Non,Non,Non
699,2,Burkina Faso,Centre,Kadiogo,317,1,Complet,Non,Non,Non,Non,Non,Non,Non,Non,Non,Oui,Non,Non,Non,Non
700,2,Burkina Faso,Centre,Kadiogo,317,1,Complet,Oui,Non,Non,Non,Non,Non,Non,Non,Non,Oui,Non,Non,Non,Non
701,2,Burkina Faso,Centre,Kadiogo,317,1,Complet,Non,Non,Non,Non,Non,Non,Non,Non,Non,Oui,Non,Non,Non,Non
702,2,Burkina Faso,Centre,Kadiogo,318,1,Complet,Oui,Non,Non,Non,Non,Non,Non,Non,Non,Non,Non,Non,Non,Non
703,1,Burkina Faso,Centre,Kadiogo,318,1,Complet,Non,Non,Non,Non,Non,Non,Non,Non,Non,Oui,Non,Non,Non,Non
704,1,Burkina Faso,Centre,Kadiogo,318,1,Complet,Non,Non,Non,Non,Non,Non,Non,Non,Non,Oui,Non,Non,Non,Non
705,1,Burkina Faso,Centre,Kadiogo,319,1,Complet,Non,Non,Non,Non,Non,Non,Non,Non,Non,Oui,Non,Non,Non,Non
706,2,Burkina Faso,Centre,Kadiogo,251,2,Complet,Oui,Non,Non,Non,Non,Non,Non,Non,Non,Non,Non,Non,Non,Non
707,1,Burkina Faso,Centre,Kadiogo,252,2,Complet,Oui,Non,Non,Non,Non,Non,Non,Non,Non,Oui,Non,Non,Non,Non
713,2,Burkina Faso,Centre,Kadiogo,253,2,Complet,Oui,Non,Non,Non,Non,Non,Non,Non,Non,Oui,Non,Non,Non,Non
714,1,Burkina Faso,Centre,Kadiogo,253,2,Complet,Oui,Non,Non,Non,Non,Non,Non,Non,Non,Non,Non,Non,Non,Non
715,2,Burkina Faso,Centre,Kadiogo,253,2,Partiel,Oui,Non,Non,Non,Non,Non,Non,Non,Non,Non,Non,Non,Non,Non
716,2,Burkina Faso,Centre,Kadiogo,253,2,Partiel,Oui,Non,Non,Non,Non,Non,Non,Non,Non,Non,Non,Non,Non,Non
717,1,Burkina Faso,Centre,Kadiogo,254,2,Complet,Oui,Non,Non,Non,Non,Non,Non,Non,Non,Non,Non,Non,Non,Non
718,1,Burkina Faso,Centre,Kadiogo,254,2,Partiel,Oui,Non,Non,Non,Non,Non,Non,Non,Non,Non,Non,Non,Non,Non
719,1,Burkina Faso,Centre,Kadiogo,255,2,Complet,Oui,Non,Non,Non,Non,Non,Non,Non,Non,Non,Non,Non,Non,Non
720,1,Burkina Faso,Centre,Kadiogo,255,2,Complet,Non,Non,Non,Non,Non,Non,Non,Non,Non,Oui,Non,Non,Non,Non
721,1,Burkina Faso,Centre,Kadiogo,255,2,Complet,Non,Non,Non,Non,Non,Non,Non,Non,Non,Oui,Non,Non,Non,Non
722,2,Burkina Faso,Centre,Kadiogo,255,2,Complet,Oui,Non,Non,Non,Non,Non,Non,Non,Non,Non,Non,Non,Non,Non
723,1,Burkina Faso,Centre,Kadiogo,255,2,Complet,Non,Non,Non,Non,Non,Non,Non,Non,Non,Oui,Non,Non,Non,Non
724,1,Burkina Faso,Centre,Kadiogo,255,2,Complet,Oui,Non,Non,Non,Non,Non,Non,Non,Non,Non,Non,Non,Non,Non
725,1,Burkina Faso,Centre,Kadiogo,255,2,Complet,Non,Non,Non,Non,Non,Non,Non,Non,Non,Oui,Non,Non,Non,Non
726,2,Burkina Faso,Centre,Kadiogo,255,2,Complet,Non,Non,Non,Non,Non,Non,Non,Non,Non,Oui,Non,Non,Non,Non
727,1,Burkina Faso,Centre,Kadiogo,255,2,Complet,Oui,Non,Non,Non,Non,Non,Non,Non,Non,Non,Non,Non,Non,Non
728,2,Burkina Faso,Centre,Kadiogo,255,2,Complet,Non,Non,Non,Non,Non,Non,Non,Non,Non,Oui,Non,Non,Non,Non
729,2,Burkina Faso,Centre,Kadiogo,255,2,Partiel,Oui,Non,Non,Non,Non,Non,Non,Non,Non,Non,Non,Non,Non,Non
730,1,Burkina Faso,Centre,Kadiogo,255,2,Complet,Non,Non,Non,Non,Non,Non,Non,Non,Non,Oui,Non,Non,Non,Non
731,2,Burkina Faso,Centre,Kadiogo,255,2,Complet,Oui,Non,Non,Non,Non,Non,Non,Non,Non,Non,Non,Non,Non,Non
732,2,Burkina Faso,Centre,Kadiogo,255,2,Complet,Oui,Non,Non,Non,Non,Non,Non,Non,Non,Non,Non,Non,Non,Non
733,1,Burkina Faso,Centre,Kadiogo,255,2,Complet,Oui,Non,Non,Non,Non,Non,Non,Non,Non,Non,Non,Non,Non,Non
734,2,Burkina Faso,Centre,Kadiogo,255,2,Complet,Oui,Non,Non,Non,Non,Non,Non,Non,Non,Non,Non,Non,Non,Non
735,1,Burkina Faso,Centre,Kadiogo,255,2,Complet,Oui,Non,Non,Non,Non,Non,Non,Non,Non,Non,Non,Non,Non,Non
736,2,Burkina Faso,Centre,Kadiogo,255,2,Complet,Oui,Non,Non,Non,Non,Non,Non,Non,Non,Non,Non,Non,Non,Non
737,1,Burkina Faso,Centre,Kadiogo,256,2,Complet,Oui,Non,Non,Non,Non,Non,Non,Non,Non,Non,Non,Non,Non,Non
738,1,Burkina Faso,Centre,Kadiogo,256,2,Complet,Oui,Non,Non,Non,Non,Non,Non,Non,Non,Non,Non,Non,Non,Non
739,1,Burkina Faso,Centre,Kadiogo,256,2,Complet,Oui,Non,Non,Non,Non,Non,Non,Non,Non,Non,Non,Non,Non,Non
740,2,Burkina Faso,Centre,Kadiogo,256,2,Complet,Oui,Non,Non,Non,Non,Non,Non,Non,Non,Non,Non,Non,Non,Non
741,1,Burkina Faso,Centre-Est,Boulgou,223,2,Complet,Oui,Non,Non,Non,Non,Non,Non,Non,Non,Non,Non,Non,Non,Non
742,1,Burkina Faso,Centre-Est,Boulgou,224,2,Complet,Non,Non,Non,Non,Non,Non,Non,Non,Non,Oui,Non,Non,Non,Non
743,2,Burkina Faso,Centre-Est,Boulgou,231,2,Complet,Oui,Non,Non,Non,Non,Non,Non,Non,Non,Non,Non,Non,Non,Non
744,1,Burkina Faso,Centre-Est,Boulgou,226,2,Complet,Oui,Non,Non,Non,Non,Non,Non,Non,Non,Non,Non,Non,Non,Non
745,1,Burkina Faso,Centre-Est,Boulgou,226,1,Complet,Oui,Non,Non,Non,Non,Non,Non,Non,Non,Oui,Non,Non,Non,Non
746,1,Burkina Faso,Centre-Est,Boulgou,226,1,Complet,Oui,Non,Non,Non,Non,Non,Non,Non,Non,Non,Non,Oui,Non,Non
747,2,Burkina Faso,Centre-Est,Boulgou,226,1,Complet,Oui,Non,Non,Non,Non,Non,Non,Non,Non,Non,Non,Non,Non,Non
748,2,Burkina Faso,Centre-Est,Boulgou,227,2,Complet,Non,Non,Non,Non,Non,Non,Non,Non,Non,Oui,Non,Non,Non,Non
749,1,Burkina Faso,Centre-Est,Boulgou,228,1,Complet,Non,Non,Oui,Non,Non,Non,Non,Non,Non,Non,Non,Oui,Non,Non
751,1,Burkina Faso,Centre-Est,Boulgou,228,1,Complet,Non,Non,Non,Non,Non,Non,Non,Non,Non,Non,Non,Oui,Non,Non
751,1,Burkina Faso,Centre-Est,Boulgou,228,1,Complet,Non,Non,Non,Non,Non,Non,Non,Non,Non,Oui,Non,Oui,Non,Non
752,1,Burkina Faso,Centre-Est,Boulgou,228,1,Complet,Non,Non,Non,Non,Non,Non,Non,Non,Non,Oui,Non,Non,Non,Non
753,1,Burkina Faso,Centre-Est,Boulgou,228,1,Complet,Non,Non,Non,Non,Non,Non,Non,Non,Non,Oui,Non,Oui,Non,Non
754,2,Burkina Faso,Centre-Est,Boulgou,230,2,,,,,,,,,,,,,,,
755,2,Burkina Faso,Centre-Est,Boulgou,231,1,Complet,Oui,Non,Non,Non,Non,Non,Non,Non,Non,Non,Non,Non,Non,Non
756,2,Burkina Faso,Centre-Est,Boulgou,231,1,Complet,Oui,Non,Non,Non,Non,Non,Non,Non,Non,Non,Non,Non,Non,Non
757,1,Burkina Faso,Centre-Est,Boulgou,231,1,Complet,Oui,Non,Non,Non,Non,Non,Non,Non,Non,Non,Non,Non,Non,Non
759,1,Burkina Faso,Centre-Est,Boulgou,231,1,Complet,Oui,Non,Non,Non,Non,Non,Non,Non,Non,Oui,Non,Non,Non,Non
760,2,Burkina Faso,Centre-Est,Boulgou,231,1,Complet,Oui,Non,Non,Oui,Non,Non,Non,Non,Non,Non,Non,Non,Non,Non
760,2,Burkina Faso,Centre-Est,Boulgou,231,1,Complet,Non,Non,Non,Non,Non,Non,Non,Non,Non,Oui,Non,Non,Non,Non
762,2,Burkina Faso,Centre-Est,Boulgou,231,2,Complet,Oui,Non,Non,Non,Non,Non,Non,Non,Non,Oui,Non,Oui,Non,Non
763,1,Burkina Faso,Centre-Est,Boulgou,232,2,Complet,Non,Non,Non,Non,Non,Non,Non,Non,Non,Oui,Non,Oui,Non,Non
764,2,Burkina Faso,Centre-Est,Boulgou,232,2,Complet,Non,Non,Non,Non,Non,Non,Non,Non,Non,Oui,Non,Non,Non,Non
765,1,Burkina Faso,Centre-Est,Boulgou,232,2,Complet,Non,Non,Non,Non,Non,Non,Non,Non,Non,Oui,Non,Oui,Non,Non
766,2,Burkina Faso,Centre-Est,Boulgou,233,2,Complet,Oui,Non,Non,Non,Non,Non,Non,Non,Non,Non,Non,Non,Non,Non
767,2,Burkina Faso,Centre-Est,Boulgou,234,2,Complet,Non,Non,Non,Non,Non,Non,Non,Non,Non,Oui,Non,Non,Non,Non
768,1,Burkina Faso,Centre-Est,Kouritenga,235,2,Complet,Oui,Non,Non,Non,Non,Non,Non,Non,Non,Non,Non,Non,Oui,Non
769,1,Burkina Faso,Centre-Est,Kouritenga,236,2,Complet,Oui,Non,Non,Non,Non,Non,Non,Non,Non,Non,Non,Non,Non,Non
770,2,Burkina Faso,Centre-Est,Kouritenga,237,2,Complet,Non,Non,Non,Non,Non,Non,Non,Non,Non,Oui,Non,Non,Non,Non
771,2,Burkina Faso,Centre-Est,Kouritenga,238,2,Complet,Oui,Non,Non,Non,Non,Non,Non,Non,Non,Non,Non,Non,Non,Non
772,1,Burkina Faso,Centre-Est,Kouritenga,239,2,Complet,Oui,Non,Non,Non,Non,Non,Non,Non,Non,Non,Non,Non,Non,Non
773,2,Burkina Faso,Centre-Est,Kouritenga,240,2,Complet,Oui,Non,Non,Non,Non,Non,Non,Non,Non,Non,Non,Non,Non,Non
774,1,Burkina Faso,Centre-Est,Kouritenga,240,1,Complet,Oui,Non,Non,Non,Non,Non,Non,Non,Non,Non,Non,Non,Non,Non
775,2,Burkina Faso,Centre-Est,Kouritenga,240,1,Complet,Oui,Non,Non,Non,Non,Non,Non,Non,Non,Non,Non,Non,Non,Non
776,1,Burkina Faso,Centre-Est,Kouritenga,240,1,Complet,Non,Non,Non,Non,Non,Non,Non,Non,Non,Oui,Non,Non,Non,Non
777,1,Burkina Faso,Centre-Est,Kouritenga,240,1,Complet,Non,Non,Non,Non,Non,Non,Non,Non,Non,Oui,Non,Non,Non,Non
778,2,Burkina Faso,Centre-Est,Kouritenga,241,2,Complet,Oui,Non,Non,Non,Non,Non,Non,Non,Non,Non,Non,Non,Non,Non
779,2,Burkina Faso,Centre-Est,Kouritenga,241,1,Complet,Oui,Non,Non,Non,Non,Non,Non,Non,Non,Non,Non,Non,Non,Non
780,2,Burkina Faso,Centre-Est,Kouritenga,241,1,Complet,Oui,Non,Non,Non,Non,Non,Non,Non,Non,Non,Non,Non,Non,Non
781,2,Burkina Faso,Centre-Est,Kouritenga,241,2,Complet,Oui,Non,Non,Non,Non,Non,Non,Non,Non,Non,Non,Non,Non,Non
782,2,Burkina Faso,Centre-Est,Kouritenga,241,1,Complet,Oui,Non,Non,Non,Non,Non,Non,Non,Non,Non,Non,Non,Non,Non
783,2,Burkina Faso,Centre-Est,Kouritenga,241,1,Complet,Oui,Non,Non,Non,Non,Non,Non,Non,Non,Non,Non,Non,Non,Non
784,2,Burkina Faso,Centre-Est,Kouritenga,241,1,Complet,Oui,Non,Non,Non,Non,Non,Non,Non,Non,Non,Non,Non,Non,Non
785,1,Burkina Faso,Centre-Est,Kouritenga,241,1,Complet,Oui,Non,Non,Non,Non,Non,Non,Non,Non,Non,Non,Non,Non,Non
786,2,Burkina Faso,Centre-Est,Kouritenga,243,2,Complet,Oui,Non,Non,Non,Non,Non,Non,Non,Non,Non,Non,Non,Non,Non
787,1,Burkina Faso,Centre-Est,Koulpelogo,245,2,Complet,Oui,Non,Non,Non,Non,Non,Non,Non,Non,Oui,Non,Non,Non,Non
788,2,Burkina Faso,Centre-Est,Boulgou,231,2,Complet,Oui,Non,Non,Non,Non,Non,Non,Non,Non,Non,Non,Non,Non,Non
789,1,Burkina Faso,Centre-Est,Koulpelogo,246,1,Complet,Oui,Non,Non,Non,Non,Non,Non,Non,Non,Oui,Non,Non,Non,Non
790,1,Burkina Faso,Centre-Est,Koulpelogo,247,2,Complet,Oui,Non,Non,Non,Non,Non,Non,Non,Non,Non,Non,Non,Non,Non
791,1,Burkina Faso,Centre-Est,Koulpelogo,245,2,Complet,Oui,Non,Non,Non,Non,Non,Non,Non,Non,Oui,Non,Non,Non,Non
792,2,Burkina Faso,Centre-Est,Koulpelogo,249,2,Complet,Oui,Non,Non,Non,Non,Non,Non,Non,Non,Oui,Non,Oui,Non,Non
793,2,Burkina Faso,Centre-Est,Koulpelogo,249,2,Complet,Non,Non,Non,Non,Non,Non,Non,Non,Non,Non,Non,Oui,Non,Non
794,1,Burkina Faso,Centre-Nord,Bam,125,2,Complet,Oui,Non,Non,Non,Non,Non,Non,Non,Non,Oui,Non,Non,Non,Non
795,1,Burkina Faso,Centre-Nord,Bam,126,2,Complet,Oui,Non,Non,Non,Non,Non,Non,Non,Non,Oui,Non,Non,Non,Non
796,1,Burkina Faso,Centre-Nord,Bam,126,1,Complet,Oui,Non,Non,Non,Non,Non,Non,Non,Non,Oui,Non,Non,Non,Non
797,1,Burkina Faso,Centre-Nord,Bam,126,1,Complet,Oui,Non,Non,Non,Non,Non,Non,Non,Non,Oui,Non,Non,Non,Non
798,2,Burkina Faso,Centre-Nord,Bam,126,1,Complet,Oui,Non,Non,Non,Non,Non,Non,Non,Non,Non,Non,Non,Non,Non
799,2,Burkina Faso,Centre-Nord,Bam,126,1,Complet,Oui,Non,Non,Non,Non,Non,Non,Non,Non,Non,Non,Non,Non,Non
800,1,Burkina Faso,Centre-Nord,Bam,126,1,Complet,Oui,Non,Non,Non,Non,Non,Non,Non,Non,Oui,Non,Non,Non,Non
801,2,Burkina Faso,Centre-Nord,Bam,126,1,Complet,Oui,Non,Non,Non,Non,Non,Non,Non,Non,Non,Non,Non,Non,Non
802,2,Burkina Faso,Centre-Nord,Bam,129,2,Complet,Oui,Non,Non,Non,Non,Non,Non,Non,Non,Non,Non,Non,Non,Non
803,2,Burkina Faso,Centre-Nord,Namentenga,131,2,Complet,Oui,Non,Non,Non,Non,Non,Non,Non,Non,Oui,Non,Non,Non,Non
804,2,Burkina Faso,Centre-Nord,Namentenga,132,1,Complet,Oui,Non,Non,Non,Non,Non,Non,Non,Non,Oui,Non,Non,Non,Non
804,2,Burkina Faso,Centre-Nord,Namentenga,132,1,Complet,Oui,Non,Non,Non,Non,Non,Non,Non,Non,Oui,Non,Non,Non,Non
805,1,Burkina Faso,Centre-Nord,Namentenga,132,2,Complet,Oui,Non,Non,Non,Non,Non,Non,Non,Non,Oui,Non,Non,Non,Non
807,1,Burkina Faso,Centre-Nord,Namentenga,132,1,Complet,Oui,Non,Non,Non,Non,Non,Non,Non,Non,Non,Non,Non,Non,Non
808,2,Burkina Faso,Centre-Nord,Sanmatenga,141,2,Complet,Oui,Non,Non,Non,Non,Non,Non,Non,Non,Non,Non,Non,Non,Non
809,2,Burkina Faso,Centre-Nord,Sanmatenga,141,2,Complet,Oui,Non,Non,Non,Non,Non,Non,Non,Non,Non,Non,Non,Non,Non
810,2,Burkina Faso,Centre-Nord,Namentenga,137,2,Complet,Oui,Non,Non,Non,Non,Non,Non,Non,Non,Non,Non,Non,Non,Non
811,2,Burkina Faso,Centre-Nord,Sanmatenga,139,2,Complet,Oui,Non,Non,Non,Non,Non,Non,Non,Non,Non,Non,Non,Non,Non
812,2,Burkina Faso,Centre-Nord,Sanmatenga,140,1,Complet,Oui,Non,Non,Non,Non,Non,Non,Non,Non,Oui,Non,Non,Non,Non
813,1,Burkina Faso,Centre-Nord,Sanmatenga,140,2,Complet,Oui,Non,Non,Non,Non,Non,Non,Non,Non,Oui,Non,Non,Non,Non
815,2,Burkina Faso,Centre-Nord,Sanmatenga,140,1,Complet,Oui,Non,Non,Non,Non,Non,Non,Non,Non,Oui,Non,Non,Non,Non
816,2,Burkina Faso,Centre-Nord,Sanmatenga,140,1,Complet,Oui,Non,Non,Non,Non,Non,Non,Non,Non,Oui,Non,Non,Non,Non
817,1,Burkina Faso,Centre-Nord,Sanmatenga,140,1,Complet,Oui,Non,Non,Non,Non,Non,Non,Non,Non,Non,Non,Non,Non,Non
818,2,Burkina Faso,Centre-Nord,Sanmatenga,140,1,Complet,Oui,Non,Non,Non,Non,Non,Non,Non,Non,Non,Non,Non,Non,Non
819,1,Burkina Faso,Centre-Nord,Sanmatenga,140,1,Complet,Oui,Non,Non,Non,Non,Non,Non,Non,Non,Non,Non,Non,Non,Non
820,1,Burkina Faso,Centre-Nord,Sanmatenga,140,1,Complet,Oui,Non,Non,Non,Non,Non,Non,Non,Non,Non,Non,Non,Non,Non
821,1,Burkina Faso,Centre-Nord,Sanmatenga,140,1,Complet,Oui,Non,Non,Non,Non,Non,Non,Non,Non,Non,Non,Non,Non,Non
822,2,Burkina Faso,Centre-Nord,Sanmatenga,140,1,Complet,Oui,Non,Non,Non,Non,Non,Non,Non,Non,Oui,Non,Non,Non,Non
823,1,Burkina Faso,Centre-Nord,Sanmatenga,140,1,Complet,Oui,Non,Non,Non,Non,Non,Non,Non,Non,Oui,Non,Non,Non,Non
824,2,Burkina Faso,Centre-Nord,Sanmatenga,140,1,Complet,Oui,Non,Non,Non,Non,Non,Non,Non,Non,Non,Non,Non,Non,Non
825,1,Burkina Faso,Centre-Nord,Sanmatenga,140,1,Complet,Oui,Non,Non,Non,Non,Non,Oui,Non,Non,Non,Non,Non,Non,Non
826,1,Burkina Faso,Centre-Nord,Sanmatenga,140,1,Complet,Oui,Non,Non,Non,Non,Non,Non,Non,Non,Oui,Non,Non,Non,Non
827,2,Burkina Faso,Centre-Nord,Sanmatenga,140,1,Complet,Oui,Non,Non,Non,Non,Non,Non,Non,Non,Oui,Non,Non,Non,Non
828,1,Burkina Faso,,,,,Complet,Oui,Non,Non,Non,Non,Non,Non,Non,Non,Non,Non,Non,Non,Non
829,1,Burkina Faso,Centre-Nord,Sanmatenga,142,2,Complet,Oui,Non,Non,Non,Non,Non,Non,Non,Non,Oui,Non,Non,Non,Non
830,1,Burkina Faso,Centre-Nord,Sanmatenga,146,2,Complet,Oui,Non,Non,Non,Non,Non,Non,Non,Non,Oui,Non,Non,Non,Non
831,2,Burkina Faso,Centre-Ouest,Boulkiemde,148,2,Complet,Oui,Non,Non,Non,Non,Non,Non,Non,Non,Non,Non,Non,Non,Non
833,1,Burkina Faso,Centre-Ouest,Boulkiemde,151,1,Complet,Oui,Non,Non,Non,Non,Non,Non,Non,Non,Non,Non,Non,Non,Non
834,1,Burkina Faso,Centre-Ouest,Boulkiemde,151,1,Complet,Oui,Non,Non,Non,Non,Non,Non,Non,Non,Non,Non,Non,Non,Non
835,1,Burkina Faso,Centre-Ouest,Boulkiemde,151,1,Complet,Oui,Non,Non,Non,Non,Non,Non,Non,Non,Oui,Non,Non,Non,Non
836,1,Burkina Faso,Centre-Ouest,Boulkiemde,151,1,Complet,Oui,Non,Non,Non,Non,Non,Non,Non,Non,Oui,Non,Non,Non,Non
837,2,Burkina Faso,Centre-Ouest,Boulkiemde,151,1,Complet,Oui,Non,Non,Non,Non,Non,Non,Non,Non,Non,Non,Non,Non,Non
838,1,Burkina Faso,Centre-Ouest,Boulkiemde,151,1,Complet,Oui,Non,Non,Non,Non,Non,Non,Non,Non,Oui,Non,Non,Non,Non
839,1,Burkina Faso,Centre-Ouest,Boulkiemde,151,1,Complet,Oui,Non,Non,Non,Non,Non,Non,Non,Non,Non,Non,Non,Non,Non
840,2,Burkina Faso,Centre-Ouest,Boulkiemde,151,1,Complet,Oui,Non,Non,Non,Non,Non,Non,Non,Non,Non,Non,Non,Non,Non
841,2,Burkina Faso,Centre-Ouest,Boulkiemde,151,1,Complet,Non,Non,Non,Non,Non,Non,Non,Non,Non,Oui,Non,Non,Non,Non
842,2,Burkina Faso,Centre-Ouest,Boulkiemde,151,1,Complet,Non,Non,Non,Non,Non,Non,Non,Non,Non,Oui,Non,Non,Non,Non
843,2,Burkina Faso,Centre-Ouest,Boulkiemde,151,1,Complet,Oui,Non,Non,Non,Non,Non,Non,Non,Non,Non,Non,Non,Non,Non
844,1,Burkina Faso,Centre-Ouest,Boulkiemde,151,1,Complet,Oui,Non,Non,Non,Non,Non,Non,Non,Non,Oui,Non,Non,Non,Non
845,2,Burkina Faso,Centre-Ouest,Boulkiemde,151,2,Complet,Oui,Non,Non,Non,Non,Non,Non,Non,Non,Non,Non,Non,Non,Non
846,1,Burkina Faso,Centre-Ouest,Boulkiemde,151,1,Complet,Non,Non,Non,Non,Non,Non,Non,Non,Non,Oui,Non,Non,Non,Non
847,2,Burkina Faso,Centre-Ouest,Boulkiemde,151,1,Complet,Oui,Non,Non,Non,Non,Non,Non,Non,Non,Oui,Non,Non,Non,Non
848,2,Burkina Faso,Centre-Ouest,Boulkiemde,151,1,Complet,Oui,Non,Non,Non,Non,Non,Non,Non,Non,Oui,Non,Non,Non,Non
849,2,Burkina Faso,Centre-Ouest,Boulkiemde,151,1,Complet,Oui,Non,Non,Non,Non,Non,Non,Non,Non,Oui,Non,Non,Non,Non
850,2,Burkina Faso,Centre-Ouest,Boulkiemde,152,2,Complet,Oui,Non,Non,Non,Non,Non,Non,Non,Non,Non,Non,Non,Non,Non
851,2,Burkina Faso,Centre-Ouest,Boulkiemde,153,2,Complet,Oui,Non,Non,Non,Non,Non,Non,Non,Non,Non,Non,Non,Non,Non
852,2,Burkina Faso,Centre-Ouest,Boulkiemde,155,2,Complet,Oui,Non,Non,Non,Non,Non,Non,Non,Non,Non,Non,Non,Non,Non
853,2,Burkina Faso,Centre-Ouest,Boulkiemde,156,2,Complet,Oui,Non,Non,Non,Non,Non,Non,Non,Non,Non,Non,Non,Non,Non
854,2,Burkina Faso,Centre-Ouest,Boulkiemde,158,2,Complet,Oui,Non,Non,Non,Non,Non,Non,Non,Non,Non,Non,Non,Non,Non
855,1,Burkina Faso,Centre-Ouest,Sanguie,160,2,Complet,Non,Non,Non,Non,Non,Non,Non,Non,Non,Non,Oui,Non,Non,Non
856,1,Burkina Faso,Centre-Ouest,Sanguie,162,2,Complet,Oui,Non,Non,Non,Non,Non,Non,Non,Non,Non,Non,Non,Non,Non
857,2,Burkina Faso,Centre-Ouest,Sanguie,163,2,Complet,Non,Non,Non,Non,Non,Non,Non,Non,Non,Non,Oui,Non,Non,Non
858,1,Burkina Faso,Centre-Ouest,Sanguie,165,2,Complet,Non,Non,Non,Non,Non,Non,Non,Non,Non,Non,Oui,Non,Non,Non
859,2,Burkina Faso,Centre-Ouest,Sanguie,165,1,Complet,Non,Non,Non,Non,Non,Non,Non,Non,Non,Non,Oui,Non,Non,Non
860,1,Burkina Faso,Centre-Ouest,Sanguie,165,1,Complet,Non,Non,Non,Non,Non,Non,Non,Non,Non,Oui,Non,Non,Non,Non
861,1,Burkina Faso,Centre-Ouest,Sanguie,165,1,Complet,Non,Non,Non,Non,Non,Non,Non,Non,Non,Oui,Non,Non,Non,Non
862,1,Burkina Faso,Centre-Ouest,Sanguie,166,2,Complet,Non,Non,Non,Non,Non,Non,Non,Non,Non,Non,Oui,Non,Non,Non
863,1,Burkina Faso,Centre-Ouest,Sanguie,167,2,Complet,Non,Non,Non,Non,Non,Non,Non,Non,Non,Non,Oui,Non,Non,Non
865,1,Burkina Faso,Centre-Ouest,Sissili,169,2,Complet,Oui,Non,Non,Non,Non,Non,Non,Non,Non,Non,Non,Non,Non,Non
866,2,Burkina Faso,Centre-Ouest,Sissili,170,1,Complet,Oui,Non,Non,Non,Non,Non,Non,Non,Non,Non,Non,Non,Non,Non
867,1,Burkina Faso,Centre-Ouest,Sissili,170,2,Complet,Oui,Non,Non,Non,Non,Non,Non,Non,Non,Non,Non,Non,Non,Non
868,2,Burkina Faso,Centre-Ouest,Sissili,170,1,Complet,Oui,Non,Non,Non,Non,Non,Non,Non,Non,Non,Non,Non,Non,Non
869,1,Burkina Faso,Centre-Ouest,Sissili,170,1,Partiel,Oui,Non,Non,Non,Non,Non,Non,Non,Non,Non,Non,Non,Non,Non
870,2,Burkina Faso,Centre-Ouest,Sissili,171,2,Complet,Oui,Non,Non,Non,Non,Non,Non,Non,Non,Non,Non,Non,Non,Non
871,1,Burkina Faso,Centre-Ouest,Sissili,173,2,Complet,Non,Non,Non,Non,Non,Non,Non,Non,Non,Non,Oui,Non,Non,Non
872,1,Burkina Faso,Centre-Ouest,Sissili,174,2,Complet,Oui,Non,Non,Non,Non,Non,Non,Non,Non,Non,Non,Non,Non,Non
873,2,Burkina Faso,Centre-Ouest,Ziro,175,2,Complet,Oui,Non,Non,Non,Non,Non,Non,Non,Non,Non,Non,Non,Non,Non
874,1,Burkina Faso,Centre-Ouest,Ziro,176,2,Complet,Oui,Non,Non,Non,Non,Non,Non,Non,Non,Non,Non,Non,Non,Non
875,1,Burkina Faso,Centre-Ouest,Ziro,177,2,Complet,Oui,Non,Non,Non,Non,Non,Non,Non,Non,Non,Non,Non,Non,Non
876,2,Burkina Faso,Centre-Ouest,Ziro,178,2,Complet,Oui,Non,Non,Non,Non,Non,Non,Non,Non,Non,Non,Non,Non,Non
877,2,Burkina Faso,Centre-Ouest,Ziro,178,1,Complet,Oui,Non,Non,Non,Non,Non,Non,Non,Non,Non,Non,Non,Non,Non
879,1,Burkina Faso,Centre-Sud,Bazega,272,2,Complet,Oui,Non,Non,Non,Non,Non,Non,Non,Non,Non,Non,Non,Non,Non
880,1,Burkina Faso,Centre-Sud,Bazega,273,2,Complet,Oui,Non,Non,Non,Non,Non,Non,Non,Non,Non,Non,Non,Non,Non
881,2,Burkina Faso,Centre-Sud,Bazega,275,2,Complet,Oui,Non,Non,Non,Non,Non,Non,Non,Non,Non,Non,Non,Non,Non
882,2,Burkina Faso,Centre-Sud,Bazega,276,2,Complet,Oui,Non,Non,Non,Non,Non,Non,Non,Non,Non,Non,Non,Non,Non
883,2,Burkina Faso,Centre-Sud,Bazega,276,2,Complet,Oui,Non,Non,Non,Non,Non,Non,Non,Non,Non,Non,Non,Non,Non
884,2,Burkina Faso,Centre-Sud,Bazega,276,1,Complet,Non,Non,Non,Non,Non,Non,Non,Non,Non,Oui,Non,Non,Non,Non
885,2,Burkina Faso,Centre-Sud,Bazega,276,1,Complet,Oui,Non,Non,Non,Non,Non,Non,Non,Non,Non,Non,Non,Non,Non
886,1,Burkina Faso,Centre-Sud,Bazega,276,1,Complet,Oui,Non,Non,Non,Non,Non,Non,Non,Non,Oui,Non,Non,Non,Non
887,2,Burkina Faso,Centre-Sud,Bazega,276,1,Complet,Oui,Non,Non,Non,Non,Non,Non,Non,Non,Oui,Non,Non,Non,Non
888,1,Burkina Faso,Centre-Sud,Bazega,276,2,Complet,Oui,Non,Non,Non,Non,Non,Non,Non,Non,Non,Non,Non,Non,Non
889,1,Burkina Faso,Centre-Sud,Bazega,277,2,Complet,Oui,Non,Non,Non,Non,Non,Non,Non,Non,Non,Non,Non,Non,Non
890,1,Burkina Faso,Centre-Sud,Bazega,278,2,Complet,Oui,Non,Non,Non,Non,Non,Non,Non,Non,Non,Non,Non,Non,Non
891,1,Burkina Faso,Centre-Sud,Bazega,278,2,Complet,Oui,Non,Non,Non,Non,Non,Non,Non,Non,Non,Non,Non,Non,Non
892,2,Burkina Faso,Centre-Sud,Nahouri,279,2,Complet,Oui,Non,Non,Non,Non,Non,Non,Non,Non,Oui,Non,Non,Non,Non
893,2,Burkina Faso,Centre-Sud,Nahouri,280,2,Complet,Non,Non,Non,Non,Non,Non,Non,Non,Non,Oui,Non,Non,Non,Non
894,2,Burkina Faso,Centre-Sud,Nahouri,280,1,Complet,Non,Non,Non,Non,Non,Non,Non,Non,Non,Oui,Non,Non,Non,Non
895,2,Burkina Faso,Centre-Sud,Nahouri,280,1,Complet,Oui,Non,Non,Non,Non,Non,Non,Non,Non,Oui,Non,Non,Non,Non
896,1,Burkina Faso,Centre-Sud,Nahouri,280,1,Complet,Non,Non,Non,Non,Non,Non,Non,Non,Non,Oui,Oui,Non,Non,Non
897,1,Burkina Faso,Centre-Sud,Nahouri,280,1,Complet,Oui,Non,Non,Non,Non,Non,Non,Non,Non,Oui,Oui,Non,Non,Non
898,1,Burkina Faso,Centre-Sud,Nahouri,280,1,Complet,Non,Non,Non,Non,Non,Non,Non,Non,Non,Oui,Oui,Non,Non,Non
898,2,Burkina Faso,Centre-Sud,Nahouri,280,1,Complet,Non,Non,Non,Non,Non,Non,Non,Non,Non,Oui,Non,Non,Non,Non
899,1,Burkina Faso,Centre-Sud,Nahouri,280,1,Complet,Non,Non,Non,Non,Non,Non,Non,Non,Non,Oui,Oui,Non,Non,Non
900,1,Burkina Faso,Centre-Sud,Nahouri,281,2,Complet,Non,Non,Non,Non,Non,Non,Non,Non,Non,Oui,Oui,Non,Non,Non
901,1,Burkina Faso,Centre-Sud,Nahouri,281,2,Complet,Non,Non,Non,Non,Non,Non,Non,Non,Non,Oui,Oui,Non,Non,Non
902,1,Burkina Faso,Centre-Sud,Nahouri,282,2,Complet,Non,Non,Non,Non,Non,Non,Non,Non,Non,Oui,Non,Non,Non,Oui
903,1,Burkina Faso,Centre-Sud,Nahouri,283,2,Complet,Non,Non,Non,Non,Non,Non,Non,Non,Non,Oui,Non,Non,Non,Oui
904,2,Burkina Faso,Centre-Sud,Zoundweogo,284,2,Complet,Oui,Non,Non,Non,Non,Non,Non,Non,Non,Non,Non,Non,Non,Non
905,2,Burkina Faso,Centre-Sud,Zoundweogo,285,2,Complet,Oui,Non,Non,Non,Non,Non,Non,Non,Non,Non,Non,Non,Non,Non
906,2,Burkina Faso,Centre-Sud,Zoundweogo,286,2,Complet,Oui,Non,Non,Non,Non,Non,Non,Non,Non,Non,Non,Non,Non,Non
907,1,Burkina Faso,Centre-Sud,Zoundweogo,286,2,Complet,Oui,Non,Non,Non,Non,Non,Non,Non,Non,Non,Non,Non,Non,Non
908,1,Burkina Faso,Centre-Sud,Zoundweogo,287,2,,,,,,,,,,,,,,,
909,2,Burkina Faso,Centre-Sud,Zoundweogo,287,2,Partiel,Non,Non,Non,Non,Non,Non,Non,Non,Non,Oui,Non,Non,Non,Non
910,2,Burkina Faso,Centre-Sud,Zoundweogo,288,2,Complet,Oui,Non,Non,Non,Non,Non,Non,Non,Non,Non,Non,Non,Non,Non
911,2,Burkina Faso,Centre-Sud,Zoundweogo,289,2,Complet,Oui,Non,Non,Non,Non,Non,Non,Non,Non,Oui,Non,Non,Non,Non
912,2,Burkina Faso,Centre-Sud,Zoundweogo,289,1,Complet,Oui,Non,Non,Non,Non,Non,Non,Non,Non,Oui,Non,Non,Non,Non
913,1,Burkina Faso,Centre-Sud,Zoundweogo,289,1,Partiel,Oui,Non,Non,Non,Non,Non,Non,Non,Non,Non,Non,Non,Non,Non
914,1,Burkina Faso,Centre-Sud,Zoundweogo,289,1,Partiel,Non,Non,Non,Non,Non,Non,Non,Non,Non,Oui,Non,Non,Non,Non
915,2,Burkina Faso,Centre-Sud,Zoundweogo,289,1,Complet,Oui,Non,Non,Non,Non,Non,Non,Non,Non,Oui,Non,Non,Non,Non
916,2,Burkina Faso,Centre-Sud,Zoundweogo,289,1,Complet,Oui,Non,Non,Non,Non,Non,Non,Non,Non,Oui,Non,Non,Non,Non
917,1,Burkina Faso,Centre-Sud,Zoundweogo,289,1,Complet,Oui,Non,Non,Non,Non,Non,Non,Non,Non,Non,Non,Non,Non,Non
918,1,Burkina Faso,Centre-Sud,Zoundweogo,290,2,Complet,Oui,Non,Non,Non,Non,Non,Non,Non,Non,Non,Non,Non,Non,Non
919,2,Burkina Faso,Est,Gnagna,80,2,Complet,Non,Non,Non,Oui,Non,Non,Non,Non,Non,Oui,Non,Non,Non,Non
920,1,Burkina Faso,Est,Gnagna,80,2,Complet,Non,Non,Oui,Non,Non,Non,Non,Non,Non,Non,Non,Non,Non,Non
920,1,Burkina Faso,Est,Gnagna,80,2,Complet,Non,Non,Non,Oui,Non,Non,Non,Non,Non,Non,Non,Non,Non,Non
921,1,Burkina Faso,Est,Gnagna,81,1,Complet,Non,Non,Non,Oui,Non,Non,Non,Non,Non,Non,Non,Non,Non,Non
922,1,Burkina Faso,Est,Gnagna,81,1,Complet,Non,Non,Non,Non,Non,Non,Non,Non,Non,Oui,Non,Non,Non,Non
923,1,Burkina Faso,Est,Gnagna,81,2,Complet,Non,Non,Non,Oui,Non,Non,Non,Non,Non,Oui,Non,Non,Non,Non
924,1,Burkina Faso,Est,Gnagna,84,2,Complet,Non,Non,Non,Non,Non,Non,Non,Non,Non,Oui,Non,Non,Non,Non
926,1,Burkina Faso,Est,Gnagna,85,2,Complet,Non,Non,Non,Oui,Non,Non,Non,Non,Non,Oui,Non,Non,Non,Non
927,1,Burkina Faso,Est,Gourma,86,2,Complet,Oui,Non,Non,Non,Non,Non,Non,Non,Non,Non,Non,Non,Non,Non
928,2,Burkina Faso,Est,Gourma,87,2,Complet,Oui,Non,Non,Non,Non,Non,Non,Non,Non,Non,Non,Non,Non,Non
929,2,Burkina Faso,Est,Gourma,88,1,Complet,Non,Non,Non,Oui,Non,Non,Non,Non,Non,Non,Non,Non,Non,Non
931,1,Burkina Faso,Est,Gourma,88,1,Partiel,Oui,Non,Non,Oui,Non,Non,Non,Non,Non,Non,Non,Non,Non,Non
932,2,Burkina Faso,Est,Gourma,88,1,Complet,Non,Non,Non,Non,Non,Non,Non,Non,Non,Oui,Non,Non,Non,Non
933,2,Burkina Faso,Est,Gourma,88,1,Complet,Oui,Non,Non,Non,Non,Non,Non,Non,Non,Non,Non,Non,Non,Non
934,2,Burkina Faso,Est,Gourma,88,1,Complet,Non,Non,Non,Non,Non,Non,Non,Non,Non,Oui,Non,Non,Non,Non
935,2,Burkina Faso,Est,Gourma,88,1,Complet,Non,Non,Non,Oui,Non,Non,Non,Non,Non,Non,Non,Non,Non,Non
936,2,Burkina Faso,Est,Gourma,88,1,Complet,Non,Non,Non,Oui,Non,Non,Non,Non,Non,Non,Non,Non,Non,Non
937,2,Burkina Faso,Est,Gourma,88,1,Complet,Non,Non,Non,Oui,Non,Non,Non,Non,Non,Non,Non,Non,Non,Non
938,1,Burkina Faso,Est,Gourma,88,1,Complet,Non,Non,Non,Oui,Non,Non,Non,Non,Non,Oui,Non,Non,Non,Non
939,1,Burkina Faso,Est,Gourma,88,1,Complet,Non,Non,Non,Oui,Non,Non,Non,Non,Non,Non,Non,Non,Non,Non
940,2,Burkina Faso,Est,Gourma,88,2,Complet,Non,Non,Non,Oui,Non,Non,Non,Non,Non,Non,Non,Non,Non,Non
941,2,Burkina Faso,Est,Gourma,90,2,Complet,Non,Non,Non,Non,Non,Non,Non,Non,Non,Oui,Non,Non,Non,Non
943,1,Burkina Faso,Est,Tapoa,92,1,Complet,Non,Non,Non,Oui,Non,Non,Non,Non,Non,Oui,Non,Non,Non,Non
944,1,Burkina Faso,Est,Tapoa,92,1,Complet,Non,Non,Non,Non,Non,Non,Non,Non,Non,Oui,Non,Non,Non,Non
945,2,Burkina Faso,Est,Komandjoari,98,2,Complet,Oui,Non,Non,Non,Non,Non,Non,Non,Non,Non,Non,Non,Non,Non
946,1,Burkina Faso,Est,Komandjoari,98,1,Complet,Oui,Non,Non,Oui,Non,Non,Non,Non,Non,Non,Non,Non,Non,Non
947,1,Burkina Faso,Est,Komandjoari,98,1,Complet,Non,Non,Non,Oui,Non,Non,Non,Non,Non,Non,Non,Non,Non,Non
948,2,Burkina Faso,Est,Kompienga,100,1,Complet,Oui,Non,Non,Oui,Non,Non,Non,Non,Non,Non,Non,Non,Non,Non
949,2,Burkina Faso,Est,Kompienga,100,1,Complet,Non,Non,Non,Non,Non,Non,Non,Non,Non,Oui,Non,Non,Non,Non
950,1,Burkina Faso,Hauts-Bassins,Houet,296,1,Complet,Non,Non,Non,Non,Non,Non,Non,Non,Non,Oui,Non,Non,Non,Non
951,1,Burkina Faso,Hauts-Bassins,Houet,296,1,Complet,Non,Oui,Non,Non,Non,Non,Non,Non,Non,Non,Non,Non,Non,Non
952,1,Burkina Faso,Hauts-Bassins,Houet,296,1,Complet,Non,Oui,Non,Non,Non,Non,Non,Non,Non,Non,Non,Non,Non,Non
953,2,Burkina Faso,Hauts-Bassins,Houet,297,1,Complet,Non,Oui,Non,Non,Non,Non,Non,Non,Non,Non,Non,Non,Non,Non
954,2,Burkina Faso,Hauts-Bassins,Houet,297,1,Complet,Non,Oui,Non,Non,Non,Non,Non,Non,Non,Non,Non,Non,Non,Non
955,1,Burkina Faso,Hauts-Bassins,Houet,297,1,Complet,Non,Non,Non,Non,Non,Non,Non,Non,Non,Oui,Non,Non,Non,Non
956,1,Burkina Faso,Hauts-Bassins,Houet,297,1,Complet,Non,Non,Non,Non,Non,Non,Non,Non,Non,Oui,Non,Non,Non,Non
957,2,Burkina Faso,Hauts-Bassins,Houet,292,1,Complet,Non,Non,Non,Non,Non,Non,Non,Non,Non,Oui,Non,Non,Non,Non
958,2,Burkina Faso,Hauts-Bassins,Houet,297,1,Complet,Oui,Non,Non,Non,Non,Non,Non,Non,Non,Non,Non,Non,Non,Non
959,2,Burkina Faso,Hauts-Bassins,Houet,298,1,Complet,Oui,Oui,Non,Non,Non,Non,Non,Non,Non,Oui,Non,Non,Non,Non
960,2,Burkina Faso,Hauts-Bassins,Houet,292,1,Complet,Oui,Non,Non,Non,Non,Non,Non,Non,Non,Oui,Non,Non,Non,Non
961,1,Burkina Faso,Hauts-Bassins,Houet,298,1,Complet,Non,Oui,Non,Non,Non,Non,Non,Non,Non,Oui,Non,Non,Non,Non
962,2,Burkina Faso,Hauts-Bassins,Houet,293,1,Complet,Non,Oui,Non,Non,Non,Non,Non,Non,Non,Oui,Non,Non,Non,Non
963,1,Burkina Faso,Hauts-Bassins,Houet,299,1,Complet,Non,Non,Non,Non,Non,Non,Non,Non,Non,Oui,Non,Non,Non,Non
964,1,Burkina Faso,Hauts-Bassins,Houet,299,1,Complet,Non,Non,Non,Non,Non,Non,Non,Non,Non,Oui,Non,Non,Non,Non
965,1,Burkina Faso,Hauts-Bassins,Houet,299,1,Complet,Non,Non,Non,Non,Non,Non,Non,Non,Non,Oui,Non,Non,Non,Non
966,1,Burkina Faso,Hauts-Bassins,Houet,299,1,Complet,Oui,Non,Non,Non,Non,Non,Non,Non,Non,Non,Non,Non,Non,Non
967,1,Burkina Faso,Hauts-Bassins,Houet,299,1,Complet,Non,Non,Non,Non,Non,Non,Non,Non,Non,Oui,Non,Non,Non,Non
968,1,Burkina Faso,Hauts-Bassins,Houet,299,1,Complet,Non,Non,Non,Non,Non,Non,Non,Non,Non,Oui,Non,Non,Non,Non
969,1,Burkina Faso,Hauts-Bassins,Houet,300,1,Complet,Non,Non,Non,Non,Non,Non,Non,Non,Non,Oui,Non,Non,Non,Non
970,2,Burkina Faso,Hauts-Bassins,Houet,300,1,Complet,Non,Oui,Non,Non,Non,Non,Non,Non,Non,Oui,Non,Non,Non,Non
971,1,Burkina Faso,Hauts-Bassins,Houet,293,1,Complet,Non,Non,Non,Non,Non,Non,Non,Non,Non,Oui,Non,Non,Non,Non
972,1,Burkina Faso,Hauts-Bassins,Houet,300,1,Complet,Non,Non,Non,Non,Non,Non,Non,Non,Non,Oui,Non,Non,Non,Non
973,2,Burkina Faso,Hauts-Bassins,Houet,300,1,Complet,Non,Oui,Non,Non,Non,Non,Non,Non,Non,Oui,Non,Non,Non,Non
974,1,Burkina Faso,Hauts-Bassins,Houet,295,1,Complet,Non,Oui,Non,Non,Non,Non,Non,Non,Non,Oui,Non,Non,Non,Non
975,2,Burkina Faso,Hauts-Bassins,Houet,301,1,Complet,Non,Oui,Non,Non,Non,Non,Non,Non,Non,Oui,Non,Non,Non,Non
976,2,Burkina Faso,Hauts-Bassins,Houet,301,1,Complet,Non,Oui,Non,Non,Non,Non,Non,Non,Non,Non,Non,Non,Non,Non
977,2,Burkina Faso,Hauts-Bassins,Houet,302,1,Complet,Non,Oui,Non,Non,Non,Non,Non,Non,Non,Non,Non,Non,Non,Non
978,2,Burkina Faso,Hauts-Bassins,Houet,302,1,Complet,Non,Oui,Non,Non,Non,Non,Non,Non,Non,Non,Non,Non,Non,Non
979,2,Burkina Faso,Hauts-Bassins,Houet,302,1,Complet,Non,Oui,Non,Non,Non,Non,Non,Non,Non,Oui,Non,Non,Non,Non
980,2,Burkina Faso,Hauts-Bassins,Houet,302,1,Complet,Non,Oui,Non,Non,Non,Non,Non,Non,Non,Oui,Non,Non,Non,Non
981,1,Burkina Faso,Hauts-Bassins,Houet,292,1,Complet,Non,Oui,Non,Non,Non,Non,Non,Non,Non,Oui,Non,Non,Non,Non
982,2,Burkina Faso,Hauts-Bassins,Houet,302,1,Complet,Non,Oui,Non,Non,Non,Non,Non,Non,Non,Non,Non,Non,Non,Non
983,2,Burkina Faso,Hauts-Bassins,Houet,302,1,Complet,Non,Oui,Non,Non,Non,Non,Non,Non,Non,Non,Non,Non,Non,Non
984,1,Burkina Faso,Hauts-Bassins,Houet,1,2,Complet,Non,Non,Non,Non,Non,Non,Non,Non,Non,Oui,Non,Non,Non,Non
985,2,Burkina Faso,Hauts-Bassins,Houet,2,2,Complet,Non,Oui,Non,Oui,Non,Non,Non,Non,Non,Non,Non,Non,Non,Non
986,1,Burkina Faso,Hauts-Bassins,Houet,4,2,Complet,Non,Oui,Non,Non,Non,Non,Non,Non,Non,Non,Non,Non,Non,Non
987,2,Burkina Faso,Hauts-Bassins,Houet,6,2,Complet,Non,Oui,Non,Non,Non,Non,Non,Non,Non,Non,Non,Non,Non,Non
988,2,Burkina Faso,Hauts-Bassins,Houet,6,2,Complet,Non,Oui,Non,Non,Non,Non,Non,Non,Non,Non,Non,Non,Non,Non
989,1,Burkina Faso,Hauts-Bassins,Houet,6,2,Complet,Non,Oui,Non,Non,Non,Non,Non,Non,Non,Non,Non,Non,Non,Non
990,1,Burkina Faso,Hauts-Bassins,Houet,8,2,Complet,Non,Oui,Non,Non,Non,Non,Non,Non,Non,Non,Non,Non,Non,Non
991,2,Burkina Faso,Hauts-Bassins,Houet,9,2,Complet,Non,Oui,Non,Non,Non,Non,Non,Non,Non,Non,Non,Non,Non,Non
992,1,Burkina Faso,Hauts-Bassins,Houet,10,2,Complet,Non,Oui,Non,Non,Non,Non,Non,Non,Non,Non,Non,Non,Non,Non
993,1,Burkina Faso,Hauts-Bassins,Houet,11,2,Complet,Non,Oui,Non,Non,Oui,Non,Non,Non,Non,Non,Non,Non,Non,Non
994,1,Burkina Faso,Hauts-Bassins,Kenedougou,13,2,Complet,Non,Oui,Non,Non,Non,Non,Non,Non,Non,Non,Non,Non,Non,Non
995,2,Burkina Faso,Hauts-Bassins,Kenedougou,14,2,Complet,Non,Oui,Non,Non,Non,Non,Non,Non,Non,Non,Non,Non,Non,Non
996,2,Burkina Faso,Hauts-Bassins,Kenedougou,16,2,Complet,Non,Oui,Non,Non,Non,Non,Non,Non,Non,Non,Non,Non,Non,Non
997,2,Burkina Faso,Hauts-Bassins,Kenedougou,18,2,Complet,Non,Oui,Non,Non,Non,Non,Non,Non,Non,Non,Non,Non,Non,Non
998,2,Burkina Faso,Hauts-Bassins,Kenedougou,20,2,Complet,Non,Oui,Non,Non,Non,Non,Non,Non,Non,Non,Non,Non,Non,Non
999,1,Burkina Faso,Hauts-Bassins,Kenedougou,20,2,Complet,Non,Oui,Non,Non,Non,Non,Non,Non,Non,Non,Non,Non,Non,Non
1000,2,Burkina Faso,Hauts-Bassins,Kenedougou,21,1,Complet,Non,Oui,Non,Non,Non,Non,Non,Non,Non,Non,Non,Non,Non,Non
1001,1,Burkina Faso,Hauts-Bassins,Kenedougou,22,2,Complet,Non,Oui,Non,Non,Non,Non,Non,Non,Non,Non,Non,Non,Non,Non
1002,1,Burkina Faso,Hauts-Bassins,Kenedougou,23,2,Complet,Non,Oui,Non,Non,Non,Non,Non,Non,Non,Non,Non,Non,Non,Non
1003,2,Burkina Faso,Hauts-Bassins,Tuy,25,2,Complet,Non,Oui,Non,Non,Non,Non,Non,Non,Non,Non,Non,Non,Non,Non
1004,2,Burkina Faso,Hauts-Bassins,Tuy,27,2,Complet,Non,Oui,Non,Non,Non,Non,Non,Non,Non,Non,Non,Non,Non,Non
1006,1,Burkina Faso,Hauts-Bassins,Tuy,28,1,Complet,Non,Non,Oui,Non,Non,Non,Non,Non,Non,Oui,Non,Non,Non,Non
1007,2,Burkina Faso,Hauts-Bassins,Tuy,28,1,Complet,Non,Non,Non,Non,Non,Non,Non,Non,Non,Oui,Non,Non,Non,Non
1007,2,Burkina Faso,Hauts-Bassins,Tuy,28,2,Complet,Oui,Non,Non,Non,Non,Non,Non,Non,Non,Non,Non,Non,Non,Non
1008,1,Burkina Faso,Hauts-Bassins,Tuy,28,1,Complet,Non,Non,Non,Non,Non,Non,Non,Non,Non,Oui,Non,Non,Non,Non
1009,1,Burkina Faso,Hauts-Bassins,Tuy,29,2,Complet,Non,Non,Non,Non,Non,Non,Non,Non,Non,Oui,Non,Non,Non,Non
1010,1,Burkina Faso,Hauts-Bassins,Tuy,30,2,Complet,Non,Oui,Non,Non,Non,Non,Non,Non,Non,Non,Non,Non,Non,Non
1011,2,Burkina Faso,Nord,Passore,197,2,Complet,Oui,Non,Non,Non,Non,Non,Non,Non,Non,Non,Non,Non,Non,Non
1012,1,Burkina Faso,Nord,Passore,198,2,Complet,Oui,Non,Non,Non,Non,Non,Non,Non,Non,Non,Non,Non,Non,Non
1013,1,Burkina Faso,Nord,Passore,199,2,Complet,Oui,Non,Non,Non,Non,Non,Non,Non,Non,Non,Non,Non,Non,Non
1014,1,Burkina Faso,Nord,Passore,201,2,Complet,Oui,Non,Non,Non,Non,Non,Non,Non,Non,Non,Non,Non,Non,Non
1015,2,Burkina Faso,Nord,Passore,203,2,Complet,Oui,Non,Non,Non,Non,Non,Non,Non,Non,Non,Non,Non,Non,Non
1016,2,Burkina Faso,Nord,Passore,204,1,Complet,Oui,Non,Non,Non,Non,Non,Non,Non,Non,Oui,Non,Non,Non,Non
1017,1,Burkina Faso,Nord,Passore,204,1,Complet,Non,Non,Non,Non,Non,Non,Non,Non,Non,Oui,Non,Non,Non,Non
1018,1,Burkina Faso,Nord,Passore,204,2,Complet,Oui,Non,Non,Non,Non,Non,Non,Non,Non,Non,Non,Non,Non,Non
1019,2,Burkina Faso,Nord,Passore,204,2,Complet,Oui,Non,Non,Non,Non,Non,Non,Non,Non,Non,Non,Non,Non,Non
1020,1,Burkina Faso,Nord,Yatenga,205,2,Partiel,Oui,Non,Non,Non,Non,Non,Non,Non,Non,Non,Non,Non,Non,Non
1021,2,Burkina Faso,Nord,Yatenga,210,2,Complet,Oui,Non,Non,Non,Non,Non,Non,Non,Non,Non,Non,Non,Non,Non
1022,1,Burkina Faso,Nord,Yatenga,209,2,Complet,Oui,Non,Non,Non,Non,Non,Non,Non,Non,Non,Non,Non,Non,Non
1023,1,Burkina Faso,Nord,Yatenga,209,2,Complet,Oui,Non,Non,Non,Non,Non,Non,Non,Non,Non,Non,Non,Non,Non
1024,2,Burkina Faso,Nord,Yatenga,209,1,Complet,Non,Non,Non,Non,Non,Non,Non,Non,Non,Oui,Non,Non,Non,Non
1025,1,Burkina Faso,Nord,Yatenga,209,1,Complet,Oui,Non,Non,Non,Non,Non,Non,Non,Non,Oui,Non,Non,Non,Non
1026,2,Burkina Faso,Nord,Yatenga,209,1,Complet,Oui,Non,Non,Non,Non,Non,Non,Non,Non,Oui,Non,Non,Non,Non
1027,2,Burkina Faso,Nord,Yatenga,209,1,Complet,Oui,Non,Non,Non,Non,Non,Non,Non,Non,Oui,Non,Non,Non,Non
1028,1,Burkina Faso,Nord,Yatenga,209,1,Complet,Oui,Non,Non,Non,Non,Non,Non,Non,Non,Oui,Non,Non,Non,Non
1029,1,Burkina Faso,Nord,Yatenga,209,1,Complet,Non,Non,Non,Non,Non,Non,Non,Non,Non,Oui,Non,Non,Non,Non
1030,2,Burkina Faso,Nord,Yatenga,209,1,Complet,Oui,Non,Non,Non,Non,Non,Non,Non,Non,Oui,Non,Non,Non,Non
1031,2,Burkina Faso,Nord,Yatenga,209,1,Complet,Oui,Non,Non,Non,Non,Non,Non,Non,Non,Oui,Non,Non,Non,Non
1032,2,Burkina Faso,Nord,Yatenga,210,2,Complet,Oui,Non,Non,Non,Non,Non,Non,Non,Non,Non,Non,Non,Non,Non
1033,2,Burkina Faso,Nord,Yatenga,210,2,Complet,Oui,Non,Non,Non,Non,Non,Non,Non,Non,Non,Non,Non,Non,Non
1034,2,Burkina Faso,Nord,Yatenga,210,2,Complet,Oui,Non,Non,Non,Non,Non,Non,Non,Non,Non,Non,Non,Non,Non
1035,2,Burkina Faso,Nord,Zondoma,220,2,Complet,Oui,Non,Non,Non,Non,Non,Non,Non,Non,Non,Non,Non,Non,Non
1036,1,Burkina Faso,Nord,Loroum,218,2,Complet,Oui,Non,Non,Non,Non,Non,Non,Non,Non,Non,Non,Non,Non,Non
1037,1,Burkina Faso,Nord,Loroum,218,1,Complet,Oui,Non,Non,Non,Non,Non,Non,Non,Non,Non,Non,Non,Non,Non
1039,1,Burkina Faso,Nord,Zondoma,219,2,Complet,Oui,Non,Non,Non,Non,Non,Non,Non,Non,Non,Non,Non,Non,Non
1040,1,Burkina Faso,Nord,Zondoma,220,2,Complet,Oui,Non,Non,Non,Non,Non,Non,Non,Non,Non,Non,Non,Non,Non
1041,2,Burkina Faso,Nord,Zondoma,220,2,Complet,Oui,Non,Non,Non,Non,Non,Non,Non,Non,Non,Non,Non,Non,Non
1042,1,Burkina Faso,Nord,Zondoma,220,1,Complet,Oui,Non,Non,Non,Non,Non,Non,Non,Non,Oui,Non,Non,Non,Non
1043,1,Burkina Faso,Nord,Zondoma,221,2,Complet,Oui,Non,Non,Non,Non,Non,Non,Non,Non,Non,Non,Non,Non,Non
1044,2,Burkina Faso,Plateau-Central,Ganzourgou,179,2,Complet,Oui,Non,Non,Non,Non,Non,Non,Non,Non,Non,Non,Non,Non,Non
1045,2,Burkina Faso,Plateau-Central,Ganzourgou,179,2,Complet,Oui,Non,Non,Non,Non,Non,Non,Non,Non,Non,Non,Non,Non,Non
1046,1,Burkina Faso,Plateau-Central,Ganzourgou,180,2,Complet,Oui,Non,Non,Non,Non,Non,Non,Non,Non,Non,Non,Non,Non,Non
1047,2,Burkina Faso,Plateau-Central,Ganzourgou,181,2,Complet,Oui,Non,Non,Non,Non,Non,Non,Non,Non,Non,Non,Non,Non,Non
1048,1,Burkina Faso,Plateau-Central,Ganzourgou,182,2,Complet,Oui,Non,Non,Non,Non,Non,Non,Non,Non,Non,Non,Non,Non,Non
1049,2,Burkina Faso,Plateau-Central,Ganzourgou,184,2,Complet,Oui,Non,Non,Non,Non,Non,Non,Non,Non,Non,Non,Non,Non,Non
1050,1,Burkina Faso,Plateau-Central,Ganzourgou,184,2,Complet,Oui,Non,Non,Non,Non,Non,Non,Non,Non,Non,Non,Non,Non,Non
1051,2,Burkina Faso,Plateau-Central,Ganzourgou,185,1,Complet,Oui,Non,Non,Non,Non,Non,Non,Non,Non,Non,Non,Non,Non,Non
1052,2,Burkina Faso,Plateau-Central,Ganzourgou,185,1,Complet,Non,Non,Non,Non,Non,Non,Non,Non,Non,Oui,Non,Non,Non,Non
1053,1,Burkina Faso,Plateau-Central,Ganzourgou,185,1,Complet,Oui,Non,Non,Non,Non,Non,Non,Non,Non,Non,Non,Non,Non,Non
1054,2,Burkina Faso,Plateau-Central,Ganzourgou,185,1,Complet,Non,Non,Non,Non,Non,Non,Non,Non,Non,Oui,Non,Non,Non,Non
1055,2,Burkina Faso,Plateau-Central,Ganzourgou,185,1,Complet,Non,Non,Non,Non,Non,Non,Non,Non,Non,Oui,Non,Non,Non,Non
1056,1,Burkina Faso,Plateau-Central,Ganzourgou,185,2,Complet,Oui,Non,Non,Non,Non,Non,Non,Non,Non,Oui,Non,Non,Non,Non
1057,1,Burkina Faso,Plateau-Central,Oubritenga,187,2,Complet,Oui,Non,Non,Non,Non,Non,Non,Non,Non,Non,Non,Non,Non,Non
1058,2,Burkina Faso,Plateau-Central,Oubritenga,188,2,Complet,Oui,Non,Non,Non,Non,Non,Non,Non,Non,Non,Non,Non,Non,Non
1059,1,Burkina Faso,Plateau-Central,Oubritenga,189,2,Complet,Oui,Non,Non,Non,Non,Non,Non,Non,Non,Non,Non,Non,Non,Non
1060,2,Burkina Faso,Plateau-Central,Oubritenga,188,2,Complet,Oui,Non,Non,Non,Non,Non,Non,Non,Non,Non,Non,Non,Non,Non
1061,2,Burkina Faso,Plateau-Central,Oubritenga,191,1,Complet,Oui,Non,Non,Non,Non,Non,Non,Non,Non,Non,Non,Non,Non,Non
1062,1,Burkina Faso,Plateau-Central,Oubritenga,191,1,Complet,Oui,Non,Non,Non,Non,Non,Non,Non,Non,Non,Non,Non,Non,Non
1063,2,Burkina Faso,Plateau-Central,Oubritenga,191,1,Complet,Oui,Non,Non,Non,Non,Non,Non,Non,Non,Non,Non,Non,Non,Non
1064,2,Burkina Faso,Plateau-Central,Oubritenga,191,1,Complet,Oui,Non,Non,Non,Non,Non,Non,Non,Non,Non,Non,Non,Non,Non
1065,2,Burkina Faso,Plateau-Central,Oubritenga,191,1,Complet,Oui,Non,Non,Non,Non,Non,Non,Non,Non,Non,Non,Non,Non,Non
1066,1,Burkina Faso,Plateau-Central,Oubritenga,191,1,Complet,Non,Non,Non,Non,Non,Non,Non,Non,Non,Oui,Non,Non,Non,Non
1067,2,Burkina Faso,Plateau-Central,Oubritenga,192,2,Complet,Oui,Non,Non,Non,Non,Non,Non,Non,Non,Non,Non,Non,Non,Non
1068,1,Burkina Faso,Plateau-Central,Kourweogo,193,1,Complet,Oui,Non,Non,Non,Non,Non,Non,Non,Non,Non,Non,Non,Non,Non
1069,1,Burkina Faso,Plateau-Central,Kourweogo,193,1,Complet,Oui,Non,Non,Non,Non,Non,Non,Non,Non,Non,Non,Non,Non,Non
1070,1,Burkina Faso,Plateau-Central,Kourweogo,193,1,Complet,Oui,Non,Non,Non,Non,Non,Non,Non,Non,Non,Non,Non,Non,Non
1071,1,Burkina Faso,Plateau-Central,Kourweogo,193,1,Complet,Oui,Non,Non,Non,Non,Non,Non,Non,Non,Non,Non,Non,Non,Non
1072,2,Burkina Faso,Plateau-Central,Kourweogo,193,2,Complet,Oui,Non,Non,Non,Non,Non,Non,Non,Non,Non,Non,Non,Non,Non
1073,1,Burkina Faso,Plateau-Central,Kourweogo,194,2,Complet,Oui,Non,Non,Non,Non,Non,Non,Non,Non,Non,Non,Non,Non,Non
1074,1,Burkina Faso,Plateau-Central,Kourweogo,195,2,Complet,Oui,Non,Non,Non,Non,Non,Non,Non,Non,Non,Non,Non,Non,Non
1077,1,Burkina Faso,Sahel,Seno,67,2,Complet,Non,Non,Oui,Non,Non,Non,Non,Non,Non,Non,Non,Non,Non,Non
1078,2,Burkina Faso,Sahel,Seno,68,1,Complet,Non,Non,Oui,Non,Non,Non,Non,Non,Non,Oui,Non,Non,Non,Non
1079,2,Burkina Faso,Sahel,Seno,68,1,Complet,Non,Non,Oui,Non,Non,Non,Non,Non,Non,Oui,Non,Non,Non,Non
1080,2,Burkina Faso,Sahel,Seno,68,2,Complet,Non,Non,Oui,Non,Non,Non,Non,Non,Non,Oui,Non,Non,Non,Non
1081,2,Burkina Faso,Sahel,Seno,68,2,Complet,Non,Non,Oui,Non,Non,Non,Non,Non,Non,Oui,Non,Non,Non,Non
1082,1,Burkina Faso,Sahel,Seno,68,1,Complet,Non,Non,Oui,Non,Non,Non,Non,Non,Non,Non,Non,Non,Non,Non
1083,2,Burkina Faso,Sahel,Seno,68,1,Complet,Non,Non,Oui,Non,Non,Non,Non,Non,Non,Oui,Non,Non,Non,Non
1084,2,Burkina Faso,Sahel,Seno,68,1,Complet,Non,Non,Oui,Non,Non,Non,Non,Non,Non,Oui,Non,Non,Non,Non
1085,1,Burkina Faso,Sahel,Seno,68,1,Complet,Non,Non,Oui,Non,Non,Non,Non,Non,Non,Non,Non,Non,Non,Non
1086,1,Burkina Faso,Sahel,Seno,68,1,Partiel,Oui,Non,Oui,Oui,Oui,Oui,Non,Non,Non,Non,Oui,Oui,Oui,Non
1087,2,Burkina Faso,Sahel,Seno,68,2,Complet,Non,Non,Oui,Non,Non,Non,Non,Non,Non,Oui,Non,Non,Non,Non
1088,1,Burkina Faso,Sahel,Soum,72,1,Complet,Oui,Non,Oui,Non,Non,Non,Non,Non,Non,Oui,Non,Non,Non,Non
1089,1,Burkina Faso,Sahel,Soum,72,1,Complet,Oui,Non,Oui,Non,Non,Non,Non,Non,Non,Oui,Non,Non,Non,Non
1091,1,Burkina Faso,Sahel,Soum,72,1,Complet,Non,Non,Non,Non,Non,Non,Non,Non,Non,Oui,Non,Non,Non,Non
1092,1,Burkina Faso,Sahel,Soum,72,1,Complet,Non,Non,Oui,Non,Non,Non,Non,Non,Non,Oui,Non,Non,Non,Non
1093,1,Burkina Faso,Sahel,Soum,72,1,Complet,Non,Non,Oui,Non,Non,Non,Non,Non,Non,Non,Non,Non,Non,Non
1094,1,Burkina Faso,Sahel,Soum,72,1,Complet,Non,Non,Oui,Non,Non,Non,Non,Non,Non,Non,Non,Non,Non,Non
1095,2,Burkina Faso,Sahel,Yagha,77,1,Complet,Non,Non,Oui,Non,Non,Non,Non,Non,Non,Oui,Non,Non,Non,Non
1096,2,Burkina Faso,Sahel,Yagha,77,2,Complet,Non,Non,Oui,Non,Non,Non,Non,Non,Non,Oui,Non,Non,Non,Non
1097,2,Burkina Faso,Sud-Ouest,Bougouriba,101,2,Complet,Non,Non,Non,Non,Non,Non,Non,Non,Non,Oui,Non,Non,Non,Non
1098,1,Burkina Faso,Sud-Ouest,Bougouriba,102,2,Complet,Non,Non,Non,Non,Non,Non,Non,Non,Non,Oui,Non,Non,Non,Non
1099,2,Burkina Faso,Sud-Ouest,Bougouriba,102,1,Complet,Non,Non,Non,Non,Non,Non,Non,Non,Non,Oui,Non,Non,Non,Non
1100,2,Burkina Faso,Sud-Ouest,Bougouriba,102,1,Complet,Non,Non,Non,Non,Non,Non,Non,Non,Oui,Oui,Non,Non,Non,Non
1101,1,Burkina Faso,Sud-Ouest,Bougouriba,102,1,Partiel,Non,Non,Non,Non,Non,Non,Non,Non,Non,Oui,Non,Non,Non,Non
1102,1,Burkina Faso,Sud-Ouest,Bougouriba,102,1,Complet,Non,Non,Non,Non,Non,Non,Non,Non,Non,Oui,Non,Non,Non,Non
1103,2,Burkina Faso,Sud-Ouest,Bougouriba,104,2,Complet,Non,Non,Non,Non,Non,Non,Non,Non,Non,Oui,Non,Non,Non,Non
1104,2,Burkina Faso,Sud-Ouest,Bougouriba,105,2,Complet,Non,Oui,Non,Non,Non,Non,Non,Non,Non,Non,Non,Non,Non,Non
1105,1,Burkina Faso,Sud-Ouest,Poni,107,2,Complet,Non,Non,Non,Non,Non,Non,Non,Non,Non,Oui,Non,Non,Non,Non
1106,2,Burkina Faso,Sud-Ouest,Poni,106,2,Complet,Non,Oui,Non,Non,Non,Non,Non,Non,Non,Non,Non,Non,Non,Non
1107,1,Burkina Faso,Sud-Ouest,Poni,109,1,Complet,Non,Non,Non,Non,Non,Non,Oui,Non,Non,Oui,Non,Non,Non,Non
1108,2,Burkina Faso,Sud-Ouest,Poni,109,1,Complet,Non,Non,Non,Non,Non,Non,Non,Non,Non,Oui,Non,Non,Non,Non
1109,2,Burkina Faso,Sud-Ouest,Poni,109,1,Complet,Non,Non,Non,Non,Non,Non,Non,Non,Non,Oui,Non,Non,Non,Non
1110,2,Burkina Faso,Sud-Ouest,Poni,109,2,Complet,Non,Non,Non,Non,Non,Non,Non,Non,Non,Oui,Non,Non,Non,Non
1111,2,Burkina Faso,Sud-Ouest,Poni,109,1,Complet,Non,Non,Non,Non,Non,Non,Non,Non,Non,Oui,Non,Non,Non,Non
1112,1,Burkina Faso,Sud-Ouest,Poni,109,1,Complet,Non,Non,Non,Non,Non,Non,Non,Non,Non,Oui,Non,Non,Non,Non
1113,1,Burkina Faso,Sud-Ouest,Poni,109,1,Complet,Non,Non,Non,Non,Non,Non,Non,Non,Non,Oui,Non,Non,Non,Non
1114,2,Burkina Faso,Sud-Ouest,Poni,109,1,Complet,Non,Non,Non,Non,Non,Non,Non,Non,Non,Oui,Non,Non,Non,Non
1115,2,Burkina Faso,Sud-Ouest,Poni,109,1,Complet,Non,Non,Non,Non,Non,Non,Non,Non,Non,Oui,Non,Non,Non,Non
1116,1,Burkina Faso,Sud-Ouest,Poni,110,2,Complet,Non,Non,Non,Non,Non,Non,Non,Non,Non,Oui,Non,Non,Non,Non
1117,2,Burkina Faso,Sud-Ouest,Poni,110,2,Complet,Non,Non,Non,Non,Non,Non,Non,Non,Non,Oui,Non,Non,Non,Oui
1118,1,Burkina Faso,Sud-Ouest,Poni,110,2,Complet,Non,Oui,Non,Non,Non,Non,Non,Non,Non,Oui,Non,Non,Non,Non
1119,1,Burkina Faso,Sud-Ouest,Poni,111,2,Complet,Non,Non,Non,Non,Non,Non,Oui,Non,Non,Oui,Non,Non,Non,Non
1120,1,Burkina Faso,Sud-Ouest,Poni,111,2,Complet,Non,Non,Non,Non,Non,Non,Oui,Non,Non,Oui,Non,Non,Non,Non
1121,2,Burkina Faso,Sud-Ouest,Poni,112,2,Complet,Non,Non,Non,Non,Non,Non,Non,Non,Non,Oui,Non,Non,Non,Non
1122,2,Burkina Faso,Sud-Ouest,Poni,113,2,Complet,Non,Non,Non,Non,Non,Non,Non,Non,Non,Oui,Non,Non,Non,Non
1123,2,Burkina Faso,Sud-Ouest,Ioba,114,2,Complet,Non,Non,Non,Non,Non,Non,Non,Non,Oui,Oui,Non,Non,Non,Non
1124,1,Burkina Faso,Sud-Ouest,Ioba,114,1,Complet,Non,Non,Non,Non,Non,Non,Non,Non,Non,Oui,Non,Non,Non,Non
1125,2,Burkina Faso,Sud-Ouest,Ioba,114,1,Complet,Non,Non,Non,Non,Non,Non,Non,Non,Oui,Oui,Non,Non,Non,Non
1126,1,Burkina Faso,Sud-Ouest,Ioba,114,1,Complet,Non,Non,Non,Non,Non,Non,Non,Non,Non,Oui,Non,Non,Non,Non
1127,1,Burkina Faso,Sud-Ouest,Ioba,114,1,Complet,Non,Non,Non,Non,Non,Non,Non,Non,Non,Oui,Non,Non,Non,Non
1128,1,Burkina Faso,Sud-Ouest,Ioba,115,2,Complet,Non,Non,Non,Non,Non,Non,Non,Non,Non,Oui,Non,Non,Non,Non
1129,1,Burkina Faso,Sud-Ouest,Ioba,115,2,Complet,Non,Non,Non,Non,Non,Non,Non,Non,Non,Oui,Non,Non,Non,Non
1130,2,Burkina Faso,Sud-Ouest,Ioba,116,2,Complet,Non,Non,Non,Non,Non,Non,Non,Non,Oui,Oui,Non,Non,Non,Non
1131,1,Burkina Faso,Sud-Ouest,Ioba,117,2,Complet,Non,Non,Non,Non,Non,Non,Non,Non,Non,Oui,Non,Non,Non,Non
1132,1,Burkina Faso,Sud-Ouest,Ioba,118,2,Complet,Non,Non,Non,Non,Non,Non,Non,Non,Non,Oui,Non,Non,Non,Non
1133,1,Burkina Faso,Sud-Ouest,Ioba,119,2,Complet,Non,Non,Non,Non,Non,Non,Non,Non,Non,Oui,Non,Non,Non,Non
1134,2,Burkina Faso,Sud-Ouest,Ioba,120,2,Complet,Oui,Non,Non,Non,Non,Non,Non,Non,Non,Oui,Non,Non,Non,Non
1135,2,Burkina Faso,Sud-Ouest,Noumbiel,122,2,Complet,Non,Non,Non,Non,Non,Non,Non,Non,Non,Oui,Non,Non,Non,Non
1136,1,Burkina Faso,Sud-Ouest,Noumbiel,122,1,Complet,Non,Non,Non,Non,Non,Non,Non,Non,Non,Oui,Non,Non,Non,Non
1136,2,Burkina Faso,Sud-Ouest,Noumbiel,122,1,Complet,Non,Non,Non,Non,Non,Non,Non,Non,Non,Oui,Non,Non,Non,Non
1137,1,Burkina Faso,Sud-Ouest,Noumbiel,122,1,Complet,Non,Non,Non,Non,Non,Non,Oui,Non,Non,Oui,Non,Non,Non,Non
1138,2,Burkina Faso,Sud-Ouest,Noumbiel,122,1,Complet,Non,Non,Non,Non,Non,Non,Non,Non,Non,Oui,Non,Non,Non,Non
1139,1,Burkina Faso,Sud-Ouest,Noumbiel,124,2,Complet,Non,Non,Non,Non,Non,Non,Non,Non,Oui,Oui,Non,Non,Non,Non
1140,2,Burkina Faso,Centre,Kadiogo,316,1,Complet,Non,Oui,Non,Non,Non,Non,Non,Oui,Oui,Non,Non,Oui,Oui,Oui
1141,1,Burkina Faso,Centre-Est,Koulpelogo,245,2,Complet,Oui,Non,Non,Non,Non,Non,Non,Non,Non,Oui,Non,Non,Non,Non
1142,1,Burkina Faso,Centre-Nord,Bam,127,2,Complet,Oui,Non,Non,Non,Non,Non,Non,Non,Non,Non,Non,Non,Non,Non
1143,2,Burkina Faso,Est,Gourma,86,2,Complet,Non,Non,Non,Non,Non,Non,Non,Non,Non,Oui,Non,Non,Non,Non
1144,2,Burkina Faso,Est,Gourma,86,2,Complet,Non,Non,Non,Non,Non,Non,Non,Non,Non,Oui,Non,Non,Non,Non
1145,2,Burkina Faso,Boucle du Mouhoum,Bale,53,2,Complet,Non,Oui,Non,Non,Non,Non,Non,Non,Non,Non,Non,Non,Non,Non
1146,1,Burkina Faso,Boucle du Mouhoum,Kossi,291,2,Complet,Non,Oui,Non,Non,Non,Non,Non,Non,Non,Non,Non,Non,Non,Non
1147,2,Burkina Faso,Boucle du Mouhoum,Kossi,33,2,Complet,Non,Non,Non,Non,Non,Non,Non,Non,Non,Oui,Non,Non,Non,Non
1149,2,Burkina Faso,Boucle du Mouhoum,Sourou,48,2,Complet,Oui,Non,Non,Non,Non,Non,Non,Non,Non,Non,Non,Non,Non,Non
1150,1,Burkina Faso,Centre-Nord,Namentenga,132,2,Complet,Oui,Non,Non,Non,Non,Non,Non,Non,Non,Oui,Non,Non,Non,Non
1153,1,Burkina Faso,Centre-Nord,Sanmatenga,140,2,Complet,Oui,Non,Non,Non,Non,Non,Non,Non,Non,Non,Non,Non,Non,Non
1154,1,Burkina Faso,Plateau-Central,,,,Complet,Oui,Non,Non,Non,Non,Non,Non,Non,Non,Non,Non,Non,Non,Non
1155,1,Burkina Faso,Est,Gnagna,81,2,Complet,Oui,Non,Non,Non,Non,Non,Non,Non,Non,Non,Non,Non,Non,Non
1155,1,Burkina Faso,Est,Gnagna,81,2,Complet,Non,Non,Non,Non,Non,Non,Non,Non,Non,Oui,Non,Non,Non,Non
1156,1,Burkina Faso,Est,Gourma,86,2,Complet,Oui,Non,Non,Non,Non,Non,Non,Non,Non,Non,Non,Non,Non,Non
1157,1,Burkina Faso,Est,Gourma,87,2,Complet,Non,Non,Non,Non,Non,Non,Non,Non,Non,Oui,Non,Non,Non,Non
1158,2,Burkina Faso,Est,Gourma,87,2,Complet,Non,Non,Non,Oui,Non,Non,Non,Non,Non,Non,Non,Non,Non,Non
1159,1,Burkina Faso,Est,Tapoa,92,2,Complet,Non,Non,Non,Oui,Non,Non,Non,Non,Non,Non,Non,Non,Non,Non
1160,2,Burkina Faso,Est,Gourma,87,2,Complet,Non,Non,Non,Oui,Non,Non,Non,Non,Non,Non,Non,Non,Non,Non
1160,2,Burkina Faso,Est,Gourma,87,2,Complet,Oui,Non,Non,Non,Non,Non,Non,Non,Non,Non,Non,Non,Non,Non
1161,2,Burkina Faso,Est,Gourma,87,2,Complet,Non,Non,Non,Oui,Non,Non,Non,Non,Non,Non,Non,Non,Non,Non
1162,1,Burkina Faso,Est,Komandjoari,98,2,Complet,Oui,Non,Non,Oui,Non,Non,Non,Non,Non,Non,Non,Non,Non,Non
1163,2,Burkina Faso,Nord,Yatenga,210,2,Complet,Oui,Non,Non,Non,Non,Non,Non,Non,Non,Non,Non,Non,Non,Non
1164,2,Burkina Faso,Nord,Zondoma,220,2,Complet,Oui,Non,Non,Non,Non,Non,Non,Non,Non,Non,Non,Non,Non,Non
1165,2,Burkina Faso,Nord,Yatenga,209,2,Complet,Oui,Non,Non,Non,Non,Non,Non,Non,Non,Non,Non,Non,Non,Non
1166,1,Burkina Faso,Nord,Loroum,218,2,Complet,Oui,Non,Non,Non,Non,Non,Non,Non,Non,Non,Non,Non,Non,Non
1167,2,Burkina Faso,Nord,Loroum,218,2,Complet,Oui,Non,Non,Non,Non,Non,Non,Non,Non,Non,Non,Non,Non,Non
1171,1,Burkina Faso,Sahel,Seno,67,2,Complet,Non,Non,Oui,Non,Non,Non,Non,Non,Non,Non,Non,Non,Non,Non
1172,1,Burkina Faso,Sahel,Seno,68,2,Complet,Non,Non,Oui,Non,Non,Non,Non,Non,Non,Non,Non,Non,Non,Non
1173,1,Burkina Faso,Sahel,Seno,68,1,Complet,Non,Non,Oui,Non,Non,Non,Non,Non,Non,Non,Non,Non,Non,Non
1174,1,Burkina Faso,Sahel,Soum,72,2,Complet,Oui,Non,Non,Non,Non,Non,Non,Non,Non,Non,Non,Non,Non,Non
1175,1,Burkina Faso,Sahel,Soum,72,2,Complet,Oui,Non,Non,Non,Non,Non,Non,Non,Non,Non,Non,Non,Non,Non
1176,1,Burkina Faso,Sahel,Soum,72,2,Complet,Oui,Non,Non,Non,Non,Non,Non,Non,Non,Non,Non,Non,Non,Non
1177,1,Burkina Faso,Sahel,Soum,72,2,Complet,Oui,Non,Oui,Non,Non,Non,Non,Non,Non,Oui,Non,Non,Non,Non
1178,1,Burkina Faso,Sahel,Soum,72,2,Complet,Oui,Non,Oui,Non,Non,Non,Non,Non,Non,Non,Non,Non,Non,Non
1179,2,Burkina Faso,Sahel,Yagha,77,2,Complet,Non,Non,Oui,Non,Non,Non,Non,Non,Non,Oui,Non,Non,Non,Non
1180,2,Burkina Faso,Sahel,Yagha,77,2,Complet,Non,Non,Oui,Non,Non,Non,Non,Non,Non,Oui,Non,Non,Non,Non
1181,2,Burkina Faso,Sahel,Yagha,77,2,Complet,Non,Non,Oui,Non,Non,Non,Non,Non,Non,Oui,Non,Non,Non,Non
1182,2,Burkina Faso,Sahel,Yagha,77,2,Complet,Non,Non,Oui,Non,Non,Non,Non,Non,Non,Oui,Non,Non,Non,Non
1183,2,Burkina Faso,Sahel,Yagha,77,2,Complet,Non,Non,Oui,Non,Non,Non,Non,Non,Non,Oui,Non,Non,Non,Non
1184,2,Burkina Faso,Sahel,Yagha,77,2,Complet,Non,Non,Oui,Non,Non,Non,Non,Non,Non,Oui,Non,Non,Non,Non
1185,1,Burkina Faso,Est,Gnagna,81,2,Complet,Non,Non,Non,Non,Non,Non,Non,Non,Non,Oui,Non,Non,Non,Non
